haul_id,plast_a,sup_a,fishery_a,tot_a,plast_b,quarter,st_no,haul_no,year,lat,lon,X,Y,ansse_area,balse_area,trend_area,swept_area_km2,sup_b,fishery_b,var,depth,tot_b
2016_1_104_28_57.3_11.6,13.1257711390544,13.1257711390544,0,0,0.485653532145013,1,104,28,2016,57.33225,11.5814,294.2324900029834,6359.541460853371,ANS-SE-AA-B_Kattegatt,NA,ANS-SE-SR-Nordsjon,0.076186,0.485653532145013,0,biomass_density,62.91999816894531,0
2016_1_105_29_57.2_12.1,58.0551523947751,14.5137880986938,43.5413642960813,0,0.1015965166908564,1,105,29,2016,57.203649999999996,12.0552,322.1203022064057,6343.899554855241,ANS-SE-AA-B_Kattegatt,NA,ANS-SE-SR-Nordsjon,0.0689,0.0870827285921626,0.0145137880986938,biomass_density,29.100000381469727,0
2016_1_107_30_57.1_11.8,58.0551523947751,0,58.0551523947751,0,0.9433962264150948,1,107,30,2016,57.1222,11.843,308.8876907018187,6335.412402019705,ANS-SE-AA-B_Kattegatt,NA,ANS-SE-SR-Nordsjon,0.0689,0,0.9433962264150948,biomass_density,51.91999816894531,0
2016_1_109_31_57.2_11.4,26.6752027315408,13.3376013657704,13.3376013657704,0,0.14671361502347438,1,109,31,2016,57.17655,11.4451,285.1278986874279,6342.643385718731,utanför ANSSE-area,NA,Utanför ANSSE-area,0.074976,0.133376013657704,0.0133376013657704,biomass_density,66.5999984741211,0
2016_1_121_34_56.6_11.8,0,0,0,0,0,1,121,34,2016,56.60925,11.82715,305.2797807794417,6278.394221799285,utanför ANSSE-area,NA,Utanför ANSSE-area,0.0735,0,0,biomass_density,32.900001525878906,0
2016_1_131_35_56.3_11.9,0,0,0,0,0,1,131,35,2016,56.34895,11.9337,310.5231496202998,6249.140020976769,utanför ANSSE-area,NA,Utanför ANSSE-area,0.06926,0,0,biomass_density,30.399999618530273,0
2016_1_132_36_56.4_12.3,28.7191269385411,0,28.7191269385411,0,0.0143595634692705,1,132,36,2016,56.38605,12.2594,330.80746375540537,6252.418126856925,ANS-SE-AA-B_Kattegatt,NA,ANS-SE-SR-Nordsjon,0.06964,0,0.0143595634692705,biomass_density,32.599998474121094,0
2016_1_134_37_56.4_12.6,14.3595634692705,0,14.3595634692705,14.3595634692705,0.0143595634692705,1,134,37,2016,56.35235,12.570250000000001,349.8607553103613,6247.947085476925,ANS-SE-AA-B_Kattegatt,NA,ANS-SE-SR-Nordsjon,0.06964,0,0.0143595634692705,biomass_density,23.100000381469727,2.87191269385411
2016_1_136_38_56.5_12.6,0,0,0,0,0,1,136,38,2016,56.54875,12.564,350.24942789245506,6269.813447766432,ANS-SE-AA-B_Kattegatt,NA,ANS-SE-SR-Nordsjon,0.06742,0,0,biomass_density,22.399999618530273,0
2016_1_145_39_57_12.2,27.3515494652772,0,27.3515494652772,13.6757747326386,0.0136757747326386,1,145,39,2016,57.032650000000004,12.199850000000001,330.07339925268747,6324.505193512459,ANS-SE-AA-B_Kattegatt,NA,ANS-SE-SR-Nordsjon,0.073122,0,0.0136757747326386,biomass_density,29.649999618530273,0.341894368315965
2016_1_147_40_56.9_12.3,0,0,0,0,0,1,147,40,2016,56.887,12.27825,334.1837900299943,6308.107200413027,ANS-SE-AA-B_Kattegatt,NA,ANS-SE-SR-Nordsjon,0.06926,0,0,biomass_density,25.600000381469727,0
2016_1_149_41_56.8_12.2,0,0,0,0,0,1,149,41,2016,56.82665,12.2243,330.6254610984144,6301.524777935223,ANS-SE-AA-B_Kattegatt,NA,ANS-SE-SR-Nordsjon,0.06964,0,0,biomass_density,39.20000076293945,0
2016_1_150_42_56.8_11.9,0,0,0,0,0,1,150,42,2016,56.79485,11.85275,307.79913306642095,6298.968578608232,utanför ANSSE-area,NA,Utanför ANSSE-area,0.074558,0,0,biomass_density,41.79999923706055,0
2016_1_155_43_56.9_11.7,0,0,0,0,0,1,155,43,2016,56.9366,11.6801,298.0260315146114,6315.234717776809,utanför ANSSE-area,NA,Utanför ANSSE-area,0.06852,0,0,biomass_density,49.400001525878906,0
2016_1_156_44_57.2_11.7,0,0,0,0,0,1,156,44,2016,57.19845,11.65975,298.21542254568647,6344.423033840677,ANS-SE-AA-B_Kattegatt,NA,ANS-SE-SR-Nordsjon,0.071946,0,0,biomass_density,71.30000305175781,0
2016_1_158_45_57.4_11.3,0,0,0,0,0,1,158,45,2016,57.3845,11.3185,278.7320363570428,6366.178965796212,utanför ANSSE-area,NA,Utanför ANSSE-area,0.065455,0,0,biomass_density,39.599998474121094,0
2016_1_161_46_57.8_11.3,0,0,0,0,0,1,161,46,2016,57.7804,11.262,277.76679618761574,6410.398237947474,ANS-SE-AA-B_Kattegatt,NA,ANS-SE-SR-Nordsjon,0.081351,0,0,biomass_density,58.2599983215332,0
2016_1_39_12_57.8_10.6,66.3376320118876,39.8025792071326,26.535052804755,26.5350528047551,0.8756567425569177,1,39,12,2016,57.83125,10.6147,239.68025691469919,6418.362231385912,utanför ANSSE-area,NA,Utanför ANSSE-area,0.075372,0.451095897680836,0.4245608448760817,biomass_density,105,7.42981478533142
2016_1_49_13_58.7_10.8,25.3813548567223,0,25.3813548567223,0,0.0634533871418056,1,49,13,2016,58.6506,10.8315,258.1862412930636,6508.6645842670005,ANS-SE-AA-B_Skagerrak,NA,ANS-SE-SR-Nordsjon,0.078798000000000007,0,0.0634533871418056,biomass_density,86.30000305175781,0
2016_1_51_14_58.7_10.9,0,0,0,0,0,1,51,14,2016,58.658500000000004,10.8723,260.60529836960535,6509.396682162353,ANS-SE-AA-B_Skagerrak,NA,ANS-SE-SR-Nordsjon,0.072345,0,0,biomass_density,71.41999816894531,0
2016_1_52_15_58.6_10.9,0,0,0,0,0,1,52,15,2016,58.580749999999995,10.8964,261.4723076818011,6500.664035245249,ANS-SE-AA-B_Skagerrak,NA,ANS-SE-SR-Nordsjon,0.071568,0,0,biomass_density,73.4000015258789,0
2016_1_54_16_58.5_10.8,0,0,0,0,0,1,54,16,2016,58.5292,10.844,258.07351944049486,6495.118728530973,ANS-SE-AA-B_Skagerrak,NA,ANS-SE-SR-Nordsjon,0.06852,0,0,biomass_density,91.75,0
2016_1_55_17_58.5_11.1,0,0,0,0,0,1,55,17,2016,58.482749999999996,11.1289,274.3479129487183,6488.960497979812,ANS-SE-AA-B_Skagerrak,NA,ANS-SE-SR-Nordsjon,0.071169,0,0,biomass_density,55.900001525878906,0
2016_1_64_18_57.9_11,44.2608439067571,14.7536146355857,14.7536146355857,14.7536146355857,0.1622897609914431,1,64,18,2016,57.870149999999995,10.9804,261.6301227219479,6421.339116977263,ANS-SE-AA-B_Skagerrak,NA,ANS-SE-SR-Nordsjon,0.067780000000000007,0.0295072292711714,0.0147536146355857,biomass_density,79.6500015258789,0.295072292711714
2016_1_66_19_57.8_11,0,0,0,0,0,1,66,19,2016,57.816599999999994,11.02175,263.7298897376656,6415.23854725656,ANS-SE-AA-B_Skagerrak,NA,ANS-SE-SR-Nordsjon,0.071946,0,0,biomass_density,50.150001525878906,0
2016_1_67_20_57.7_11,0,0,0,0,0,1,67,20,2016,57.6654,10.9732,259.84752002178334,6398.594218948182,utanför ANSSE-area,NA,Utanför ANSSE-area,0.072723,0,0,biomass_density,31.100000381469727,0
2016_1_69_21_57.5_10.9,39.3773134171632,0,39.3773134171632,0,4.71215183892053,1,69,21,2016,57.45625,10.85615,251.44986939521627,6375.757383545076,utanför ANSSE-area,NA,Utanför ANSSE-area,0.076186,0,4.71215183892053,biomass_density,39.29999923706055,0
2016_1_80_22_58.4_11,0,0,0,0,0,1,80,22,2016,58.390249999999995,11.0475,269.0006991890327,6478.948966753985,ANS-SE-AA-B_Skagerrak,NA,ANS-SE-SR-Nordsjon,0.067780000000000007,0,0,biomass_density,60.75,0
2016_1_81_23_58.3_10.8,0,0,0,0,0,1,81,23,2016,58.34025,10.84705,256.9509233846819,6474.094921249213,ANS-SE-AA-B_Skagerrak,NA,ANS-SE-SR-Nordsjon,0.071946,0,0,biomass_density,135.5,0
2016_1_83_24_58.3_11,0,0,0,0,0,1,83,24,2016,58.31145,10.986699999999999,264.9264894274021,6470.395667874425,ANS-SE-AA-B_Skagerrak,NA,ANS-SE-SR-Nordsjon,0.07579,0,0,biomass_density,107.44999694824219,0
2016_1_85_25_58.1_10.7,0,0,0,0,0,1,85,25,2016,58.085300000000004,10.735900000000001,248.6545075147451,6446.1517368274335,ANS-SE-AA-B_Skagerrak,NA,ANS-SE-SR-Nordsjon,0.080086,0,0,biomass_density,210.8000030517578,0
2016_1_95_26_57.9_11.2,14.5137880986938,0,14.5137880986938,0,0.0290275761973875,1,95,26,2016,57.87935,11.1995,274.6722014132669,6421.610817935498,ANS-SE-AA-B_Skagerrak,NA,ANS-SE-SR-Nordsjon,0.0689,0,0.0290275761973875,biomass_density,63.099998474121094,0
2016_1_96_27_58.1_11.1,0,0,0,0,0,1,96,27,2016,58.0837,11.067250000000001,268.16127091415984,6444.7867122411735,ANS-SE-AA-B_Skagerrak,NA,ANS-SE-SR-Nordsjon,0.080086,0,0,biomass_density,134.3000030517578,0
2016_3_22_11_57.8_10.9,42.1531846731021,0,42.1531846731021,0,0.0140510615577007,3,22,11,2016,57.80565,10.925650000000001,257.95318045768596,6414.360583655898,utanför ANSSE-area,NA,Utanför ANSSE-area,0.071169,0,0.0140510615577007,biomass_density,54.900001525878906,0
2016_3_24_12_57.8_10.3,12.7577056542151,0,12.7577056542151,0,0.0127577056542151,3,24,12,2016,57.84354999999999,10.31305,221.8854352965948,6420.931024914957,utanför ANSSE-area,NA,Utanför ANSSE-area,0.078384,0,0.0127577056542151,biomass_density,81.9000015258789,0
2016_3_31_16_58.6_10.6,12.9708415481996,0,12.9708415481996,0,0.0129708415481996,3,31,16,2016,58.62245,10.62665,246.1088928011678,6506.291664564821,ANS-SE-AA-B_Skagerrak,NA,ANS-SE-SR-Nordsjon,0.077096,0,0.0129708415481996,biomass_density,135,0
2016_3_33_17_58.4_10.8,24.1896468311563,24.1896468311563,0,0,1.04015481373972,3,33,17,2016,58.4367,10.75965,252.51727869085224,6485.139595419599,ANS-SE-AA-B_Skagerrak,NA,ANS-SE-SR-Nordsjon,0.08268,1.04015481373972,0,biomass_density,134.35000610351562,0
2016_3_36_18_58.4_11,0,0,0,0,0,3,36,18,2016,58.39465,11.0154,267.1550426447079,6479.549089791127,ANS-SE-AA-B_Skagerrak,NA,ANS-SE-SR-Nordsjon,0.056628,0,0,biomass_density,72,0
2016_3_37_19_58.1_10.7,0,0,0,0,0,3,37,19,2016,58.11825,10.7334,248.73933691923904,6449.825044267919,ANS-SE-AA-B_Skagerrak,NA,ANS-SE-SR-Nordsjon,0.0852,0,0,biomass_density,224.86000061035156,0
2016_3_40_20_58.1_11.1,13.1257711390544,0,13.1257711390544,13.1257711390544,0.0131257711390544,3,40,20,2016,58.11345,11.14955,273.1987260182131,6447.815662480036,ANS-SE-AA-B_Skagerrak,NA,ANS-SE-SR-Nordsjon,0.076186,0,0.0131257711390544,biomass_density,91.0999984741211,2.29700994933452
2016_3_42_21_57.6_11.1,0,0,0,0,0,3,42,21,2016,57.602450000000005,11.07325,265.4043935057117,6391.242988826751,utanför ANSSE-area,NA,Utanför ANSSE-area,0.06816,0,0,biomass_density,34.900001525878906,0
2016_3_44_22_57.5_11.1,0,0,0,0,0,3,44,22,2016,57.54365,11.053899999999999,263.8683875472,6384.7707737911805,utanför ANSSE-area,NA,Utanför ANSSE-area,0.072723,0,0,biomass_density,39.599998474121094,0
2016_3_45_23_57.4_11.3,0,0,0,0,0,3,45,23,2016,57.390249999999995,11.31925,278.81174270719606,6366.816073339782,utanför ANSSE-area,NA,Utanför ANSSE-area,0.06742,0,0,biomass_density,39.29999923706055,0
2016_3_48_24_57.2_11.4,0,0,0,0,0,3,48,24,2016,57.17775,11.444700000000001,285.11070302711295,6342.778123399832,utanför ANSSE-area,NA,Utanför ANSSE-area,0.059639,0,0,biomass_density,66.80000305175781,0
2016_3_49_25_57.2_11.7,0,0,0,0,0,3,49,25,2016,57.2089,11.659600000000001,298.263400025362,6345.585944078713,ANS-SE-AA-B_Kattegatt,NA,ANS-SE-SR-Nordsjon,0.051744,0,0,biomass_density,67.5999984741211,0
2016_3_52_26_57.7_11,0,0,0,0,0,3,52,26,2016,57.66775,10.969750000000001,259.65747098925874,6398.867795601638,utanför ANSSE-area,NA,Utanför ANSSE-area,0.072723,0,0,biomass_density,31.100000381469727,0
2016_3_54_27_57.6_10.8,29.0275761973875,0,29.0275761973875,0,0.0145137880986938,3,54,27,2016,57.64375,10.763,247.17037706952758,6396.951415162415,utanför ANSSE-area,NA,Utanför ANSSE-area,0.0689,0,0.0145137880986938,biomass_density,24.399999618530273,0
2016_3_56_28_57.4_10.8,0,0,0,0,0,3,56,28,2016,57.4494,10.84345,250.64201793978447,6375.04222511462,utanför ANSSE-area,NA,Utanför ANSSE-area,0.0709246652454708,0,0,biomass_density,39.79999923706055,0
2016_3_57_29_57.3_11.6,0,0,0,0,0,3,57,29,2016,57.33305,11.58125,294.22794122357107,6359.630905479043,ANS-SE-AA-B_Kattegatt,NA,ANS-SE-SR-Nordsjon,0.071946,0,0,biomass_density,62.720001220703125,0
2016_3_63_32_56.3_11.9,29.1885580852306,0,29.1885580852306,0,0.0145942790426153,3,63,32,2016,56.34885,11.9375,310.757382393982,6249.118436313299,utanför ANSSE-area,NA,Utanför ANSSE-area,0.06852,0,0.0145942790426153,biomass_density,30.399999618530273,0
2016_3_65_33_56.6_11.8,14.2061597908853,0,14.2061597908853,0,0.0142061597908853,3,65,33,2016,56.6084,11.8268,305.2539328933163,6278.300660769206,utanför ANSSE-area,NA,Utanför ANSSE-area,0.070392,0,0.0142061597908853,biomass_density,32.900001525878906,0
2016_3_69_34_56.4_12.3,13.8226553320893,0,13.8226553320893,0,0.0138226553320893,3,69,34,2016,56.3866,12.25945,330.8129889188544,6252.479194100673,ANS-SE-AA-B_Kattegatt,NA,ANS-SE-SR-Nordsjon,0.072345,0,0.0138226553320893,biomass_density,32.5,0
2016_3_71_35_56.4_12.6,0,0,0,13.6343521247525,0,3,71,35,2016,56.351749999999996,12.569849999999999,349.83368566516884,6247.881199400889,ANS-SE-AA-B_Kattegatt,NA,ANS-SE-SR-Nordsjon,0.073344152391704,0,0,biomass_density,23.049999237060547,8.00336469722971
2016_3_72_36_56.6_12.6,41.4679659962679,13.8226553320893,27.6453106641786,27.6453106641786,0.0276453106641786,3,72,36,2016,56.55625,12.5901,351.8828298600093,6270.591330686919,ANS-SE-AA-B_Kattegatt,NA,ANS-SE-SR-Nordsjon,0.072345,0.0138226553320893,0.0138226553320893,biomass_density,21.850000381469727,13.44944363812287
2016_3_74_37_56.8_12.2,13.2675264023775,0,13.2675264023775,0,0.0132675264023775,3,74,37,2016,56.83215,12.2331,331.1870283763036,6302.114959054809,ANS-SE-AA-B_Kattegatt,NA,ANS-SE-SR-Nordsjon,0.075372,0,0.0132675264023775,biomass_density,38.25,0
2016_3_76_38_56.9_12.3,0,0,0,0,0,3,76,38,2016,56.88355,12.281649999999999,334.3755990685526,6307.715103531331,ANS-SE-AA-B_Kattegatt,NA,ANS-SE-SR-Nordsjon,0.0689,0,0,biomass_density,25.399999618530273,0
2016_3_79_39_56.8_11.9,27.9454504806618,13.9727252403309,13.9727252403309,13.9727252403309,0.2375363290856249,3,79,39,2016,56.7915,11.86075,308.27039127895654,6298.573469332819,utanför ANSSE-area,NA,Utanför ANSSE-area,0.071568,0.223563603845294,0.0139727252403309,biomass_density,45.400001525878906,0.181645428124301
2016_3_81_40_56.9_11.7,0,0,0,0,0,3,81,40,2016,56.9386,11.67815,297.9182746553022,6315.462961079682,utanför ANSSE-area,NA,Utanför ANSSE-area,0.074976,0,0,biomass_density,49.099998474121094,0
2016_3_83_41_57.1_11.8,39.3773134171633,0,39.3773134171633,0,0.0131257711390544,3,83,41,2016,57.1178,11.84075,308.72885163402094,6334.929219823861,ANS-SE-AA-B_Kattegatt,NA,ANS-SE-SR-Nordsjon,0.076186,0,0.0131257711390544,biomass_density,52.400001525878906,0
2016_3_85_42_57_12.2,14.5137880986938,14.5137880986938,0,0,0.058055152394775,3,85,42,2016,57.028999999999996,12.20235,330.2084126967265,6324.092867262863,ANS-SE-AA-B_Kattegatt,NA,ANS-SE-SR-Nordsjon,0.0689,0.058055152394775,0,biomass_density,30.450000762939453,0
2016_3_86_43_57.2_12.1,0,0,0,0,0,3,86,43,2016,57.2054,12.054400000000001,322.08041774739695,6344.096345827706,ANS-SE-AA-B_Kattegatt,NA,ANS-SE-SR-Nordsjon,0.0702359644669643,0,0,biomass_density,29.5,0
2016_3_89_44_57.6_11,0,0,0,0,0,3,89,44,2016,57.586,11.04865,263.8290195809647,6389.498923139567,utanför ANSSE-area,NA,Utanför ANSSE-area,0.06816,0,0,biomass_density,35,0
2016_3_90_45_58_10.8,11.6754232340922,0,11.6754232340922,0,0.0116754232340922,3,90,45,2016,57.9814,10.81375,252.52225402862024,6434.310219231312,utanför ANSSE-area,NA,Utanför ANSSE-area,0.08565,0,0.0116754232340922,biomass_density,202.9600067138672,0
2017_1_108_29_57.5_10.9,47.8652115642351,0,47.8652115642351,0,0.0159550705214117,1,108,29,2017,57.4551,10.8538,251.30120451646624,6375.638107757795,utanför ANSSE-area,NA,Utanför ANSSE-area,0.062676,0,0.0159550705214117,biomass_density,39.5,0
2017_1_109_30_57.4_11.3,0,0,0,0,0,1,109,30,2017,57.39149999999999,11.319749999999999,278.84930503557484,6366.953478643883,utanför ANSSE-area,NA,Utanför ANSSE-area,0.07038,0,0,biomass_density,39.400001525878906,0
2017_1_111_31_57.2_11.4,79.16611690196589,13.1943528169943,65.9717640849716,0,1.5569336324053311,1,111,31,2017,57.17285,11.44725,285.2363123019464,6342.225055391188,utanför ANSSE-area,NA,Utanför ANSSE-area,0.07579,1.18749175352949,0.369441878875841,biomass_density,66.30000305175781,0
2017_1_113_32_56.9_11.7,0,0,0,0,0,1,113,32,2017,56.9387,11.678249999999998,297.92489640076843,6315.4737891410705,utanför ANSSE-area,NA,Utanför ANSSE-area,0.073122,0,0,biomass_density,49.099998474121094,0
2017_1_126_33_56.6_11.8,42.1822272215973,14.0607424071991,28.1214848143982,0,0.1265466816647921,1,126,33,2017,56.6115,11.8275,305.31283514116404,6278.643520435257,utanför ANSSE-area,NA,Utanför ANSSE-area,0.07112,0.112485939257593,0.0140607424071991,biomass_density,33.20000076293945,0
2017_1_141_36_56.4_11.9,42.6257459505541,0,42.6257459505541,0,0.0710429099175902,1,141,36,2017,56.35045,11.92945,310.268076138253,6249.318598442059,utanför ANSSE-area,NA,Utanför ANSSE-area,0.07038,0,0.0710429099175902,biomass_density,30.700000762939453,0
2017_1_142_37_56.4_12.3,28.417163967036,14.208581983518,14.208581983518,0,0.1136686558681443,1,142,37,2017,56.38305,12.25905,330.7725557671133,6252.085223096377,ANS-SE-AA-B_Kattegatt,NA,ANS-SE-SR-Nordsjon,0.07038,0.0994600738846263,0.014208581983518,biomass_density,32.400001525878906,0
2017_1_144_38_56.3_12.6,55.8909009613235,41.9181757209926,13.9727252403309,0,0.6427453610552198,1,144,38,2017,56.3466,12.5846,350.72480321575864,6247.276086821997,ANS-SE-AA-B_Kattegatt,NA,ANS-SE-SR-Nordsjon,0.071568,0.628772635814889,0.0139727252403309,biomass_density,21.899999618530273,0
2017_1_146_39_56.6_12.6,29.1885580852306,14.5942790426153,14.5942790426153,0,0.5691768826619964,1,146,39,2017,56.55475,12.58465,351.5420655805661,6270.436201625754,ANS-SE-AA-B_Kattegatt,NA,ANS-SE-SR-Nordsjon,0.06852,0.554582603619381,0.0145942790426153,biomass_density,21.850000381469727,0
2017_1_155_40_57.2_12.1,25.8337854245783,0,25.8337854245783,0,0.0129168927122891,1,155,40,2017,57.2039,12.0549,322.10339028426205,6343.928152766785,ANS-SE-AA-B_Kattegatt,NA,ANS-SE-SR-Nordsjon,0.077418,0,0.0129168927122891,biomass_density,29.100000381469727,0
2017_1_158_41_57_12.2,0,0,0,0,0,1,158,41,2017,57.03205,12.1995,330.04942673929213,6324.439307844226,ANS-SE-AA-B_Kattegatt,NA,ANS-SE-SR-Nordsjon,0.04778,0,0,biomass_density,29.920000076293945,0
2017_1_159_42_56.9_12.3,12.987012987013,0,12.987012987013,0,0.012987012987013,1,159,42,2017,56.8891,12.27685,334.1078328200637,6308.344248017446,ANS-SE-AA-B_Kattegatt,NA,ANS-SE-SR-Nordsjon,0.077,0,0.012987012987013,biomass_density,25.450000762939453,0
2017_1_161_43_56.8_12.2,27.5016157199235,0,27.5016157199235,0,0.0137508078599618,1,161,43,2017,56.8301,12.22945,330.9551665331619,6301.895888030867,ANS-SE-AA-B_Kattegatt,NA,ANS-SE-SR-Nordsjon,0.072723,0,0.0137508078599618,biomass_density,38.599998474121094,0
2017_1_164_44_56.8_11.9,13.0541486084278,13.0541486084278,0,13.0541486084278,0.561328390162394,1,164,44,2017,56.79305,11.85595,307.9852737708659,6298.759355805199,utanför ANSSE-area,NA,Utanför ANSSE-area,0.076604,0.561328390162394,0,biomass_density,43.79999923706055,130.541486084278
2017_1_167_45_57.1_11.8,26.2515422781088,13.1257711390544,13.1257711390544,13.1257711390544,0.1968865670858167,1,167,45,2017,57.1182,11.840900000000001,308.7399918871033,6334.973298245113,ANS-SE-AA-B_Kattegatt,NA,ANS-SE-SR-Nordsjon,0.076186,0.144383482529599,0.0525030845562177,biomass_density,52.400001525878906,0.262515422781088
2017_1_168_46_57.2_11.7,0,0,0,12.4223602484472,0,1,168,46,2017,57.20485,11.66085,298.31675893458385,6345.131716974012,ANS-SE-AA-B_Kattegatt,NA,ANS-SE-SR-Nordsjon,0.0805,0,0,biomass_density,68.9800033569336,0.273291925465838
2017_1_175_47_57.9_11.2,24.9731538596009,0,24.9731538596009,0,0.0124865769298005,1,175,47,2017,57.88115,11.19605,274.47905914106724,6421.822527368024,ANS-SE-AA-B_Skagerrak,NA,ANS-SE-SR-Nordsjon,0.080086,0,0.0124865769298005,biomass_density,62.75,0
2017_1_53_14_57.8_10.6,58.9011403260767,0,58.9011403260767,47.1209122608613,0.671472999717274,1,53,14,2017,57.8312,10.58835,238.11704637792366,6418.458430467742,utanför ANSSE-area,NA,Utanför ANSSE-area,0.084888,0,0.671472999717274,biomass_density,103.5999984741211,12.428140608802178
2017_1_55_15_57.9_11,26.1082972168556,0,26.1082972168556,13.0541486084278,3.955407028353611,1,55,15,2017,57.8645,10.97025,260.99115474900515,6420.746613290364,utanför ANSSE-area,NA,Utanför ANSSE-area,0.076604,0,3.955407028353611,biomass_density,82.4000015258789,15.2733538718605
2017_1_57_16_57.8_11,13.1943528169943,13.1943528169943,0,0,0.290275761973875,1,57,16,2017,57.8185,11.030100000000001,264.2378670809894,6415.420715916371,ANS-SE-AA-B_Skagerrak,NA,ANS-SE-SR-Nordsjon,0.07579,0.290275761973875,0,biomass_density,50.70000076293945,0
2017_1_66_17_58.7_10.8,13.1257711390544,0,13.1257711390544,0,0.0131257711390544,1,66,17,2017,58.65365,10.8289,258.05666385138454,6509.013154755597,ANS-SE-AA-B_Skagerrak,NA,ANS-SE-SR-Nordsjon,0.076186,0,0.0131257711390544,biomass_density,82.94999694824219,0
2017_1_67_18_58.6_10.9,0,0,0,0,0,1,67,18,2017,58.5827,10.898,261.5785097379882,6500.875211805238,ANS-SE-AA-B_Skagerrak,NA,ANS-SE-SR-Nordsjon,0.074676,0,0,biomass_density,74.4000015258789,0
2017_1_69_19_58.5_10.8,26.2515422781088,0,26.2515422781088,13.1257711390544,0.0131257711390544,1,69,19,2017,58.5296,10.844100000000001,258.08209274138187,6495.162851636037,ANS-SE-AA-B_Skagerrak,NA,ANS-SE-SR-Nordsjon,0.076186,0,0.0131257711390544,biomass_density,91.75,0.44627621872785
2017_1_71_20_58.5_11.1,39.8025792071326,13.2675264023775,26.5350528047551,0,0.026535052804755,1,71,20,2017,58.484399999999994,11.12875,274.34976224422047,6489.144525251506,ANS-SE-AA-B_Skagerrak,NA,ANS-SE-SR-Nordsjon,0.075372,0.0132675264023775,0.0132675264023775,biomass_density,56,0
2017_1_72_21_58.3_11,0,0,0,0,0,1,72,21,2017,58.3146,10.988150000000001,265.03226652305284,6470.740932815388,ANS-SE-AA-B_Skagerrak,NA,ANS-SE-SR-Nordsjon,0.075372,0,0,biomass_density,105.69999694824219,0
2017_1_81_22_58.1_10.7,0,0,0,0,0,1,81,22,2017,58.07945,10.737200000000001,248.68991620630848,6445.496380854877,ANS-SE-AA-B_Skagerrak,NA,ANS-SE-SR-Nordsjon,0.084,0,0,biomass_density,208.4499969482422,0
2017_1_83_23_58.1_11.1,0,0,0,0,0,1,83,23,2017,58.07515,11.07335,268.46522009794523,6443.814835635466,ANS-SE-AA-B_Skagerrak,NA,ANS-SE-SR-Nordsjon,0.076186,0,0,biomass_density,132.0500030517578,0
2017_1_84_24_58.2_11.2,38.5534736679775,0,38.5534736679775,12.8511578893258,0.0514046315573033,1,84,24,2017,58.24235,11.176449999999999,275.5963196623017,6462.062527059344,ANS-SE-AA-B_Skagerrak,NA,ANS-SE-SR-Nordsjon,0.077814,0,0.0514046315573033,biomass_density,60.75,2.82725473565168
2017_1_93_25_57.7_11,0,0,0,14.0607424071991,0,1,93,25,2017,57.6629,10.9768,260.0455452490967,6398.303439162153,utanför ANSSE-area,NA,Utanför ANSSE-area,0.07112,0,0,biomass_density,31.200000762939453,147.637795275591
2017_1_95_26_57.7_11.4,0,0,0,0,0,1,95,26,2017,57.68895,11.35065,282.48554496498554,6399.9384653629095,ANS-SE-AA-B_Kattegatt,NA,ANS-SE-SR-Nordsjon,0.077418,0,0,biomass_density,67.1500015258789,0
2017_1_96_27_57.6_11.6,27.2108843537415,0,27.2108843537415,0,0.054421768707483,1,96,27,2017,57.55415,11.60685,296.99716569386993,6384.149139857968,ANS-SE-AA-B_Kattegatt,NA,ANS-SE-SR-Nordsjon,0.0735,0,0.054421768707483,biomass_density,46.599998474121094,0
2017_1_98_28_57.3_11.6,0,0,0,0,0,1,98,28,2017,57.336349999999996,11.58275,294.3366334398636,6359.99345578565,ANS-SE-AA-B_Kattegatt,NA,ANS-SE-SR-Nordsjon,0.07579,0,0,biomass_density,62.18000030517578,0
2017_3_100_53_58.7_10.9,0,0,0,0,0,3,100,53,2017,58.66525,10.86935,260.480647299139,6510.157901903739,ANS-SE-AA-B_Skagerrak,NA,ANS-SE-SR-Nordsjon,0.073122,0,0,biomass_density,72.5,0
2017_3_14_7_56.3_11.9,0,0,0,0,0,3,14,7,2017,56.348200000000006,11.942350000000001,311.0537557709001,6249.032796740882,utanför ANSSE-area,NA,Utanför ANSSE-area,0.072345,0,0,biomass_density,30.600000381469727,0
2017_3_16_8_56.4_12.3,27.5016157199236,13.7508078599618,13.7508078599618,0,0.1787605021795028,3,16,8,2017,56.38275,12.25995,330.82677553096846,6252.049632273094,ANS-SE-AA-B_Kattegatt,NA,ANS-SE-SR-Nordsjon,0.072723,0.165009694319541,0.0137508078599618,biomass_density,32.5,0
2017_3_18_9_56.3_12.6,14.2857142857143,0,14.2857142857143,28.5714285714286,0.0142857142857143,3,18,9,2017,56.3478,12.581949999999999,350.5657602042348,6247.415357570773,ANS-SE-AA-B_Kattegatt,NA,ANS-SE-SR-Nordsjon,0.07,0,0.0142857142857143,biomass_density,21.940000534057617,4.72857142857143
2017_3_2_1_57.5_10.8,56.8343279340722,0,56.8343279340722,0,0.014208581983518,3,2,1,2017,57.5424,10.84595,251.42533365356437,6385.3746815710165,utanför ANSSE-area,NA,Utanför ANSSE-area,0.07038,0,0.014208581983518,biomass_density,30.100000381469727,0
2017_3_21_10_56.6_11.8,19.7753520012656,0,19.7753520012656,19.7753520012656,0.0197753520012656,3,21,10,2017,56.6147,11.8274,305.32317591256646,6278.999775749093,utanför ANSSE-area,NA,Utanför ANSSE-area,0.050568,0,0.0197753520012656,biomass_density,33.29999923706055,5.87327954437589
2017_3_23_11_56.8_11.9,0,0,0,0,0,3,23,11,2017,56.7915,11.8619,308.3405993715236,6298.570248209228,utanför ANSSE-area,NA,Utanför ANSSE-area,0.051348,0,0,biomass_density,45.70000076293945,0
2017_3_25_12_56.9_11.7,0,0,0,0,0,3,25,12,2017,56.93415,11.68435,298.27124125556674,6314.949626895925,utanför ANSSE-area,NA,Utanför ANSSE-area,0.05704,0,0,biomass_density,50.400001525878906,0
2017_3_27_13_57.1_11.8,26.8247538828832,13.4123769414416,13.4123769414416,0,1.072990155315325,3,27,13,2017,57.124700000000004,11.84565,309.06091694704145,6335.683097883775,ANS-SE-AA-B_Kattegatt,NA,ANS-SE-SR-Nordsjon,0.074558,0.093886638590091,0.979103516725234,biomass_density,51.650001525878906,0
2017_3_28_14_57.2_11.7,0,0,0,0,0,3,28,14,2017,57.19735,11.6598,298.21243872854893,6344.300520963938,ANS-SE-AA-B_Kattegatt,NA,ANS-SE-SR-Nordsjon,0.06816,0,0,biomass_density,71.94000244140625,0
2017_3_3_2_57.5_10.8,44.9910017996401,0,44.9910017996401,0,0.01499700059988,3,3,2,2017,57.451350000000005,10.847850000000001,250.91905484624755,6375.242916132596,utanför ANSSE-area,NA,Utanför ANSSE-area,0.06668,0,0.01499700059988,biomass_density,39.599998474121094,0
2017_3_5_3_57.4_11.3,0,0,0,0,0,3,5,3,2017,57.394,11.32095,278.936434374176,6367.227639582437,utanför ANSSE-area,NA,Utanför ANSSE-area,0.038892,0,0,biomass_density,39.29999923706055,0
2017_3_58_30_58.2_11.2,44.0140845070423,0,44.0140845070423,0,0.0146713615023474,3,58,30,2017,58.23815,11.1802,275.7897408393077,6461.582881761733,ANS-SE-AA-B_Skagerrak,NA,ANS-SE-SR-Nordsjon,0.06816,0,0.0146713615023474,biomass_density,59.849998474121094,0
2017_3_60_31_56.6_12.6,0,0,0,0,0,3,60,31,2017,56.55435,12.58475,351.5466441624633,6270.391477935936,ANS-SE-AA-B_Kattegatt,NA,ANS-SE-SR-Nordsjon,0.065797,0,0,biomass_density,21.850000381469727,0
2017_3_62_32_56.8_12.2,30.3965226378102,0,30.3965226378102,0,0.0151982613189051,3,62,32,2017,56.8305,12.2295,330.9600190403841,6301.940268520925,ANS-SE-AA-B_Kattegatt,NA,ANS-SE-SR-Nordsjon,0.065797,0,0.0151982613189051,biomass_density,38.25,0
2017_3_63_33_56.9_12.3,0,0,0,0,0,3,63,33,2017,56.887950000000004,12.2776,334.1484121725074,6308.214476464853,ANS-SE-AA-B_Kattegatt,NA,ANS-SE-SR-Nordsjon,0.067780000000000007,0,0,biomass_density,25.399999618530273,0
2017_3_66_34_57_12.2,14.4383482529599,0,14.4383482529599,14.4383482529599,0.0144383482529599,3,66,34,2017,57.03325,12.19895,330.02154094340335,6324.57419134883,ANS-SE-AA-B_Kattegatt,NA,ANS-SE-SR-Nordsjon,0.06926,0,0.0144383482529599,biomass_density,30,5.63095581865435
2017_3_67_35_57.2_12.1,14.4383482529599,0,0,0,0.404273751082876,3,67,35,2017,57.2083,12.052900000000001,322.0038114735318,6344.422913047293,ANS-SE-AA-B_Kattegatt,NA,ANS-SE-SR-Nordsjon,0.06926,0,0,biomass_density,29.25,0
2017_3_7_4_57.2_11.4,0,0,0,0,0,3,7,4,2017,57.171800000000005,11.44765,285.254386945174,6342.1070029515595,utanför ANSSE-area,NA,Utanför ANSSE-area,0.077418,0,0,biomass_density,66.0999984741211,0
2017_3_70_36_57.3_11.6,0,0,0,0,0,3,70,36,2017,57.336,11.582650000000001,294.32866080218787,6359.954824662668,ANS-SE-AA-B_Kattegatt,NA,ANS-SE-SR-Nordsjon,0.075372,0,0,biomass_density,62.18000030517578,0
2017_3_72_38_57.5_11,13.8226553320893,13.8226553320893,0,0,1.05052180523879,3,72,38,2017,57.536500000000004,11.0286,262.3089021017814,6384.0639565193505,utanför ANSSE-area,NA,Utanför ANSSE-area,0.072345,1.05052180523879,0,biomass_density,38.79999923706055,0
2017_3_74_39_57.7_11.2,0,0,0,0,0,3,74,39,2017,57.6626,11.1824,272.2982120369448,6397.560497781848,utanför ANSSE-area,NA,Utanför ANSSE-area,0.06704,0,0,biomass_density,39.220001220703125,0
2017_3_76_40_57.7_11.4,12.6906774283611,0,12.6906774283611,0,0.0761440645701667,3,76,40,2017,57.6669,11.4269,286.8983387664133,6397.243463317767,ANS-SE-AA-B_Kattegatt,NA,ANS-SE-SR-Nordsjon,0.078798000000000007,0,0.0761440645701667,biomass_density,85,0
2017_3_80_42_57.7_10.8,0,0,0,0,0,3,80,42,2017,57.68685,10.78355,248.6942281040955,6401.667553066873,utanför ANSSE-area,NA,Utanför ANSSE-area,0.06852,0,0,biomass_density,25.200000762939453,0
2017_3_81_43_57.9_11.2,0,0,0,0,0,3,81,43,2017,57.8831,11.194749999999999,274.41425456023774,6422.043752616975,ANS-SE-AA-B_Skagerrak,NA,ANS-SE-SR-Nordsjon,0.073899,0,0,biomass_density,63.20000076293945,0
2017_3_83_44_58_10.8,0,0,0,0,0,3,83,44,2017,57.976749999999996,10.8081,252.15637233591755,6433.813855851765,utanför ANSSE-area,NA,Utanför ANSSE-area,0.081792,0,0,biomass_density,201.77999877929688,0
2017_3_85_45_57.9_10.5,0,0,0,0,0,3,85,45,2017,57.8709,10.51975,234.34123741913757,6423.14016129896,utanför ANSSE-area,NA,Utanför ANSSE-area,0.081336,0,0,biomass_density,103.30000305175781,0
2017_3_90_48_58.8_10.8,0,0,0,0,0,3,90,48,2017,58.817099999999996,10.7843,256.61704719360347,6527.351753664674,ANS-SE-AA-B_Skagerrak,NA,ANS-SE-SR-Nordsjon,0.078798000000000007,0,0,biomass_density,90.3499984741211,0
2017_3_94_50_58.5_10.8,0,0,0,0,0,3,94,50,2017,58.491550000000004,10.7584,252.82994640640078,6491.243677603905,ANS-SE-AA-B_Skagerrak,NA,ANS-SE-SR-Nordsjon,0.082224,0,0,biomass_density,130.5,0
2017_3_95_51_58.4_10.8,0,0,0,0,0,3,95,51,2017,58.3519,10.846150000000002,256.9783869231263,6475.393742299796,ANS-SE-AA-B_Skagerrak,NA,ANS-SE-SR-Nordsjon,0.076186,0,0,biomass_density,130.3000030517578,0
2017_3_97_52_58.5_11.1,26.535052804755,13.2675264023775,13.2675264023775,0,0.026535052804755,3,97,52,2017,58.45399999999999,11.059999999999999,270.146763862666,6485.996447733453,ANS-SE-AA-B_Skagerrak,NA,ANS-SE-SR-Nordsjon,0.075372,0.0132675264023775,0.0132675264023775,biomass_density,58.45000076293945,0
2018_1_113_30_56.6_11.8,13.7508078599618,0,13.7508078599618,0,0.0137508078599618,1,113,30,2018,56.609700000000004,11.82735,305.2943667183895,6278.443712415997,utanför ANSSE-area,NA,Utanför ANSSE-area,0.072723,0,0.0137508078599618,biomass_density,33,0
2018_1_114_31_56.8_11.9,13.8993133739193,0,13.8993133739193,0,0.0138993133739193,1,114,31,2018,56.79215,11.857,308.0447741661328,6298.656290175327,utanför ANSSE-area,NA,Utanför ANSSE-area,0.071946,0,0.0138993133739193,biomass_density,44.400001525878906,0
2018_1_117_32_56.9_11.7,30.3965226378102,0,15.1982613189051,0,0.1367843518701461,1,117,32,2018,56.936099999999996,11.68065,298.05677343301534,6315.177472693878,utanför ANSSE-area,NA,Utanför ANSSE-area,0.065797,0,0.0759913065945256,biomass_density,50.099998474121094,0
2018_1_118_33_57.1_11.8,15.1982613189051,0,15.1982613189051,0,0.182379135826861,1,118,33,2018,57.1191,11.8417,308.79304537936963,6335.0711777295155,ANS-SE-AA-B_Kattegatt,NA,ANS-SE-SR-Nordsjon,0.065797,0,0.182379135826861,biomass_density,52.150001525878906,0
2018_1_131_35_57_12.2,0,0,0,0,0,1,131,35,2018,57.0315,12.2005,330.1075823319196,6324.375624597178,ANS-SE-AA-B_Kattegatt,NA,ANS-SE-SR-Nordsjon,0.0665,0,0,biomass_density,29.75,0
2018_1_132_36_57.2_12.1,0,0,0,0,0,1,132,36,2018,57.20465,12.055250000000001,322.1281323213802,6344.010682521955,ANS-SE-AA-B_Kattegatt,NA,ANS-SE-SR-Nordsjon,0.0665,0,0,biomass_density,29.149999618530273,0
2018_1_134_37_57.2_11.7,0,0,0,0,0,1,134,37,2018,57.2025,11.65955,298.225450102098,6344.87415120184,ANS-SE-AA-B_Kattegatt,NA,ANS-SE-SR-Nordsjon,0.06816,0,0,biomass_density,69.63999938964844,0
2018_1_136_38_57.2_11.4,0,0,0,0,0,1,136,38,2018,57.1777,11.4439,285.0620846540418,6342.77508551357,utanför ANSSE-area,NA,Utanför ANSSE-area,0.079649,0,0,biomass_density,66.9000015258789,0
2018_1_142_39_56.9_12.3,0,0,0,0,0,1,142,39,2018,56.88475,12.2793,334.23777514035686,6307.854313433137,ANS-SE-AA-B_Kattegatt,NA,ANS-SE-SR-Nordsjon,0.06964,0,0,biomass_density,25.399999618530273,0
2018_1_143_40_56.8_12.2,0,0,0,0,0,1,143,40,2018,56.8324,12.23225,331.1363103217978,6302.1448717608655,ANS-SE-AA-B_Kattegatt,NA,ANS-SE-SR-Nordsjon,0.065455,0,0,biomass_density,38.29999923706055,0
2018_1_145_41_56.6_12.6,14.2857142857143,0,14.2857142857143,0,0.0285714285714286,1,145,41,2018,56.551050000000004,12.5709,350.6825565362593,6270.054333143075,ANS-SE-AA-B_Kattegatt,NA,ANS-SE-SR-Nordsjon,0.07,0,0.0285714285714286,biomass_density,22.350000381469727,0
2018_1_147_42_56.3_12.6,28.719126938541,14.3595634692705,14.3595634692705,0,0.028719126938541,1,147,42,2018,56.3425,12.595749999999999,351.39778945048363,6246.795763217799,ANS-SE-AA-B_Kattegatt,NA,ANS-SE-SR-Nordsjon,0.06964,0.0143595634692705,0.0143595634692705,biomass_density,21,0
2018_1_152_43_57.9_11.2,43.0786904078116,28.7191269385411,14.3595634692705,0,0.2584721424468695,1,152,43,2018,57.879999999999995,11.19955,274.6792313404407,6421.682947135994,ANS-SE-AA-B_Skagerrak,NA,ANS-SE-SR-Nordsjon,0.06964,0.244112578977599,0.0143595634692705,biomass_density,63.099998474121094,0
2018_1_153_44_57.8_11,41.697940121758,27.7986267478387,13.8993133739193,0,1.5845217246267993,1,153,44,2018,57.8185,11.02935,264.1933574278583,6415.423330526775,ANS-SE-AA-B_Skagerrak,NA,ANS-SE-SR-Nordsjon,0.071946,0.0138993133739193,1.57062241125288,biomass_density,50.599998474121094,0
2018_1_156_45_57.9_11,114.2857142857143,100,14.2857142857143,0,0.6714285714285714,1,156,45,2018,57.867599999999996,10.9815,261.67843711621833,6421.05164854867,utanför ANSSE-area,NA,Utanför ANSSE-area,0.07,0.657142857142857,0.0142857142857143,biomass_density,78.55999755859375,0
2018_1_157_46_58_11.2,92.88824383164,58.055152394775,34.833091436865,0,0.638606676342525,1,157,46,2018,58.0319,11.157150000000001,273.12899315996225,6438.719812326381,ANS-SE-AA-B_Skagerrak,NA,ANS-SE-SR-Nordsjon,0.086125,0.62699564586357,0.011611030478955,biomass_density,103.25,0
2018_1_164_47_58.4_10.8,37.4597307894014,37.4597307894014,0,0,0.387083884823814,1,164,47,2018,58.3511,10.84535,256.9261183522029,6475.307667946361,ANS-SE-AA-B_Skagerrak,NA,ANS-SE-SR-Nordsjon,0.080086,0.387083884823814,0,biomass_density,130.75,0
2018_1_57_14_58.7_10.8,12.8292301179006,12.8292301179006,0,0,0.0384876903537019,1,57,14,2018,58.6512,10.83065,258.1411270327878,6508.734376625037,ANS-SE-AA-B_Skagerrak,NA,ANS-SE-SR-Nordsjon,0.077947,0.0384876903537019,0,biomass_density,85.55000305175781,0
2018_1_58_15_58.6_10.9,14.2828577141715,14.2828577141715,0,0,0.0428485731425143,1,58,15,2018,58.5822,10.89775,261.5605868639141,6500.820494036979,ANS-SE-AA-B_Skagerrak,NA,ANS-SE-SR-Nordsjon,0.070014,0.0428485731425143,0,biomass_density,73.5999984741211,0
2018_1_60_16_58.5_10.8,14.7536146355857,0,0,0,38.2708763647094,1,60,16,2018,58.53035,10.844650000000001,258.11925141741506,6495.244275941596,ANS-SE-AA-B_Skagerrak,NA,ANS-SE-SR-Nordsjon,0.067780000000000007,0,0,biomass_density,91.44999694824219,0
2018_1_62_17_58.5_11.1,0,0,0,0,0,1,62,17,2018,58.48465,11.12865,274.34554154627097,6489.172667829742,ANS-SE-AA-B_Skagerrak,NA,ANS-SE-SR-Nordsjon,0.072345,0,0,biomass_density,56,0
2018_1_63_18_58.4_11,18.2415176942722,0,18.2415176942722,0,0.0364830353885443,1,63,18,2018,58.3911,11.04105,268.6295790106767,6479.065687638606,ANS-SE-AA-B_Skagerrak,NA,ANS-SE-SR-Nordsjon,0.05482,0,0.0364830353885443,biomass_density,62.75,0
2018_1_77_19_57.8_10.6,80.0256081946223,40.0128040973111,13.3376013657704,66.6880068288519,8.416026461801104,1,77,19,2018,57.8311,10.607600000000001,239.25806131412222,6418.372911856912,utanför ANSSE-area,NA,Utanför ANSSE-area,0.074976,2.60083226632522,0.840268886043534,biomass_density,104.4000015258789,42.893725992317506
2018_1_78_20_58.1_10.7,23.22206095791,11.611030478955,11.611030478955,11.611030478955,2.5776487663280108,1,78,20,2018,58.0855,10.734200000000001,248.55579173021502,6446.180314557073,ANS-SE-AA-B_Skagerrak,NA,ANS-SE-SR-Nordsjon,0.086125,0.812772133526851,1.76487663280116,biomass_density,210.60000610351562,0.429608127721335
2018_1_80_21_58.3_11,12.4865769298005,0,12.4865769298005,0,0.0749194615788028,1,80,21,2018,58.307249999999996,10.9812,264.57664746361775,6469.947793974577,ANS-SE-AA-B_Skagerrak,NA,ANS-SE-SR-Nordsjon,0.080086,0,0.0749194615788028,biomass_density,109.19999694824219,0
2018_1_83_22_57.7_11,0,0,0,0,0,1,83,22,2018,57.6594,10.9801,260.2191163647427,6397.902521741814,utanför ANSSE-area,NA,Utanför ANSSE-area,0.067780000000000007,0,0,biomass_density,31.100000381469727,0
2018_1_84_23_57.5_10.9,14.9164677804296,0,14.9164677804296,0,0.835322195704057,1,84,23,2018,57.4614,10.8641,251.96127421855653,6376.300995803332,utanför ANSSE-area,NA,Utanför ANSSE-area,0.06704,0,0.835322195704057,biomass_density,39,0
2018_1_86_24_57.4_11.3,0,0,0,0,0,1,86,24,2018,57.38665,11.318850000000001,278.7660193869347,6366.416962024341,utanför ANSSE-area,NA,Utanför ANSSE-area,0.073122,0,0,biomass_density,39.599998474121094,0
2018_1_88_25_57.3_11.6,0,0,0,0,0,1,88,25,2018,57.335,11.590250000000001,294.78025710285397,6359.820628580974,ANS-SE-AA-B_Kattegatt,NA,ANS-SE-SR-Nordsjon,0.071568,0,0,biomass_density,62.099998474121094,0
2018_1_98_28_56.3_11.9,0,0,0,0,0,1,98,28,2018,56.3493,11.928,310.1727973165623,6249.194670631362,utanför ANSSE-area,NA,Utanför ANSSE-area,0.064049,0,0,biomass_density,30.5,0
2018_1_99_29_56.4_12.3,0,0,0,15.3623989922266,0,1,99,29,2018,56.385850000000005,12.25965,330.8220061465435,6252.395260794772,ANS-SE-AA-B_Kattegatt,NA,ANS-SE-SR-Nordsjon,0.065094,0,0,biomass_density,32.599998474121094,1.76667588410606
2018_3_100_24_57.5_11,0,0,0,0,0,3,100,24,2018,57.53915,11.03805,262.8913302156255,6384.325599958229,utanför ANSSE-area,NA,Utanför ANSSE-area,0.091494,0,0,biomass_density,39.099998474121094,0
2018_3_102_25_57.5_10.9,0,0,0,0,0,3,102,25,2018,57.456900000000005,10.8574,251.52920298112406,6375.825088989388,utanför ANSSE-area,NA,Utanför ANSSE-area,0.07038,0,0,biomass_density,39.29999923706055,0
2018_3_104_26_57.4_11.3,13.8226553320893,0,13.8226553320893,0,0.0138226553320893,3,104,26,2018,57.38005,11.3166,278.5910692609118,6365.69019841845,utanför ANSSE-area,NA,Utanför ANSSE-area,0.072345,0,0.0138226553320893,biomass_density,39.79999923706055,0
2018_3_105_27_57.2_11.4,0,0,0,0,0,3,105,27,2018,57.1713,11.44805,285.2756539724189,6342.050127207873,utanför ANSSE-area,NA,Utanför ANSSE-area,0.079649,0,0,biomass_density,66.0999984741211,0
2018_3_112_30_56.3_11.9,75.8625497645321,15.1725099529064,60.6900398116257,0,1.4262159355732063,3,112,30,2018,56.34965,11.9314,310.3845523968807,6249.224228011528,utanför ANSSE-area,NA,Utanför ANSSE-area,0.0659086731927595,1.4110434256203,0.0151725099529064,biomass_density,30.5,0
2018_3_114_31_56.4_12.3,0,0,0,0,0,3,114,31,2018,56.389300000000006,12.2599,330.85273431490793,6252.778475718973,ANS-SE-AA-B_Kattegatt,NA,ANS-SE-SR-Nordsjon,0.0677636570032744,0,0,biomass_density,32.45000076293945,0
2018_3_116_32_56.3_12.6,30.555343365671,0,30.555343365671,0,0.1527767168283555,3,116,32,2018,56.3474,12.58315,350.6383389418526,6247.368245850641,ANS-SE-AA-B_Kattegatt,NA,ANS-SE-SR-Nordsjon,0.065455,0,0.1527767168283555,biomass_density,21.899999618530273,0
2018_3_120_33_56.6_11.8,16.9749732936963,0,16.9749732936963,0,0.0169749732936963,3,120,33,2018,56.617850000000004,11.829,305.4375253996509,6279.345644444308,utanför ANSSE-area,NA,Utanför ANSSE-area,0.0589102546848397,0,0.0169749732936963,biomass_density,33.20000076293945,0
2018_3_121_34_56.8_11.9,45.594783956715304,15.1982613189051,30.3965226378102,0,0.0455947839567153,3,121,34,2018,56.79375,11.854600000000001,307.90643962199124,6298.841015473145,utanför ANSSE-area,NA,Utanför ANSSE-area,0.065797,0.0303965226378102,0.0151982613189051,biomass_density,42.599998474121094,0
2018_3_124_35_56.9_11.7,13.4631177888175,0,13.4631177888175,0,0.0134631177888175,3,124,35,2018,56.93195,11.68545,298.3262589627329,6314.701654383593,utanför ANSSE-area,NA,Utanför ANSSE-area,0.074277,0,0.0134631177888175,biomass_density,52.099998474121094,0
2018_3_126_36_57.1_11.8,13.7594877119385,0,13.7594877119385,0,0.0137594877119385,3,126,36,2018,57.1197,11.84195,308.81126720449635,6335.137225508844,ANS-SE-AA-B_Kattegatt,NA,ANS-SE-SR-Nordsjon,0.0726771243912186,0,0.0137594877119385,biomass_density,52.150001525878906,0
2018_3_127_37_57.2_11.7,13.8226553320893,13.8226553320893,0,0,0.0552906213283572,3,127,37,2018,57.2027,11.6601,298.2597478042445,6344.894770266378,ANS-SE-AA-B_Kattegatt,NA,ANS-SE-SR-Nordsjon,0.072345,0.0552906213283572,0,biomass_density,68.73999786376953,0
2018_3_130_38_56.6_12.6,15.1982613189051,0,15.1982613189051,0,0.0151982613189051,3,130,38,2018,56.554249999999996,12.585999999999999,351.6230661732849,6270.377648360569,ANS-SE-AA-B_Kattegatt,NA,ANS-SE-SR-Nordsjon,0.065797,0,0.0151982613189051,biomass_density,21.850000381469727,0
2018_3_132_39_56.8_12.2,15.2776716828355,15.2776716828355,0,15.2776716828355,0.0152776716828355,3,132,39,2018,56.83725,12.23735,331.4691675302805,6302.671908625501,ANS-SE-AA-B_Kattegatt,NA,ANS-SE-SR-Nordsjon,0.065455,0.0152776716828355,0,biomass_density,36.75,1.64998854174624
2018_3_134_40_56.9_12.3,0,0,0,0,0,3,134,40,2018,56.8904,12.27495,333.99788809758553,6308.493500964126,ANS-SE-AA-B_Kattegatt,NA,ANS-SE-SR-Nordsjon,0.061668,0,0,biomass_density,25.450000762939453,0
2018_3_137_41_57_12.2,13.8993133739193,0,13.8993133739193,0,0.0138993133739193,3,137,41,2018,57.03225,12.199850000000001,330.0715729953023,6324.460688829237,ANS-SE-AA-B_Kattegatt,NA,ANS-SE-SR-Nordsjon,0.071946,0,0.0138993133739193,biomass_density,29.920000076293945,0
2018_3_138_42_57.2_12.1,32.2528624415417,0,32.2528624415417,0,0.0161264312207708,3,138,42,2018,57.2035,12.0549,322.1014656729953,6343.883649487254,ANS-SE-AA-B_Kattegatt,NA,ANS-SE-SR-Nordsjon,0.06201,0,0.0161264312207708,biomass_density,29.100000381469727,0
2018_3_141_43_57.3_11.6,28.7191269385411,0,28.7191269385411,14.3595634692705,0.0143595634692705,3,141,43,2018,57.333,11.5821,294.27879709975724,6359.622772264815,ANS-SE-AA-B_Kattegatt,NA,ANS-SE-SR-Nordsjon,0.06964,0,0.0143595634692705,biomass_density,62.459999084472656,0.373348650201034
2018_3_145_46_57.5_11.2,0,0,0,0,0,3,145,46,2018,57.5426,11.152899999999999,269.7820145426616,6384.313731355588,utanför ANSSE-area,NA,Utanför ANSSE-area,0.0689,0,0,biomass_density,42.29999923706055,0
2018_3_148_49_57.7_11.2,0,0,0,0,0,3,148,49,2018,57.66275,11.1826,272.3110740742148,6397.576508865833,ANS-SE-AA-B_Kattegatt,NA,ANS-SE-SR-Nordsjon,0.065094,0,0,biomass_density,39.220001220703125,0
2018_3_21_1_58.8_10.3,47.8652115642351,11.9663028910588,35.8989086731763,23.9326057821176,0.0478652115642351,3,21,1,2018,58.80435,10.271650000000001,226.94973887774256,6527.91267890931,utanför ANSSE-area,NA,Utanför ANSSE-area,0.083568,0.0358989086731763,0.0119663028910588,biomass_density,168.0500030517578,2.5847214244686976
2018_3_23_2_58.6_10.6,13.1943528169943,0,13.1943528169943,0,0.0131943528169943,3,23,2,2018,58.56735,10.612,244.8578936793789,6500.220447265183,ANS-SE-AA-B_Skagerrak,NA,ANS-SE-SR-Nordsjon,0.07579,0,0.0131943528169943,biomass_density,150.3800048828125,0
2018_3_24_3_58.5_10.5,26.5350528047551,0,26.5350528047551,0,0.0132675264023775,3,24,3,2018,58.4788,10.519449999999999,238.82352056634056,6490.730567938183,ANS-SE-AA-B_Skagerrak,NA,ANS-SE-SR-Nordsjon,0.075372,0,0.0132675264023775,biomass_density,218.97999572753906,0
2018_3_26_4_58.4_10.8,37.8620559096359,0,37.8620559096359,0,0.012620685303212,3,26,4,2018,58.429649999999995,10.763449999999999,252.68939608200657,6484.341621500012,ANS-SE-AA-B_Skagerrak,NA,ANS-SE-SR-Nordsjon,0.079235,0,0.012620685303212,biomass_density,134.60000610351562,0
2018_3_83_16_58_10.8,0,0,0,0,0,3,83,16,2018,57.9804,10.813749999999999,252.5153528712466,6434.199016765604,utanför ANSSE-area,NA,Utanför ANSSE-area,0.080937,0,0,biomass_density,202.86000061035156,0
2018_3_85_17_57.8_11,55.5972534956773,0,55.5972534956773,0,0.0138993133739193,3,85,17,2018,57.81755,11.025849999999998,263.9794335644245,6415.32988540701,ANS-SE-AA-B_Skagerrak,NA,ANS-SE-SR-Nordsjon,0.071946,0,0.0138993133739193,biomass_density,50,0
2018_3_87_18_57.7_11,14.4383482529599,0,14.4383482529599,0,0.0144383482529599,3,87,18,2018,57.6693,10.97115,259.75115909698764,6399.035203995122,utanför ANSSE-area,NA,Utanför ANSSE-area,0.06926,0,0.0144383482529599,biomass_density,31.100000381469727,0
2018_3_90_19_57.6_11.4,13.5319828414458,0,13.5319828414458,0,0.0135319828414458,3,90,19,2018,57.610749999999996,11.374,283.41082603171014,6391.165421135946,ANS-SE-AA-B_Kattegatt,NA,ANS-SE-SR-Nordsjon,0.073899,0,0.0135319828414458,biomass_density,52.439998626708984,0
2018_3_91_20_57.7_11.3,12.620685303212,0,0,0,0.012620685303212,3,91,20,2018,57.74695,11.3171,280.83808854515036,6406.497986107161,ANS-SE-AA-B_Kattegatt,NA,ANS-SE-SR-Nordsjon,0.079235,0,0,biomass_density,78.75,0
2018_3_94_21_58.1_11.2,13.1257711390544,0,13.1257711390544,13.1257711390544,0.459401989866905,3,94,21,2018,58.119749999999996,11.154250000000001,273.51538038847104,6448.500573974437,ANS-SE-AA-B_Skagerrak,NA,ANS-SE-SR-Nordsjon,0.076186,0,0.459401989866905,biomass_density,87.220001220703125,0.23626388050298
2018_3_96_22_58.3_11,14.6713615023474,14.6713615023474,0,14.6713615023474,0.0293427230046948,3,96,22,2018,58.3221,11.016100000000002,266.71750071645033,6471.477782146226,ANS-SE-AA-B_Skagerrak,NA,ANS-SE-SR-Nordsjon,0.06816,0.0293427230046948,0,biomass_density,92.80000305175781,0.469483568075117
2018_3_98_23_57.6_11.1,56.8343279340722,0,56.8343279340722,0,0.0568343279340721,3,98,23,2018,57.605999999999995,11.095749999999999,266.77047112761466,6391.560172127763,utanför ANSSE-area,NA,Utanför ANSSE-area,0.07038,0,0.0568343279340721,biomass_density,36.20000076293945,0
2019_1_110_31_56.6_12.6,0,0,0,15.4296611002562,0,1,110,31,2019,56.55445,12.5845,351.5316731292952,6270.403145499863,ANS-SE-AA-B_Kattegatt,NA,ANS-SE-SR-Nordsjon,0.0648102374706985,0,0,biomass_density,21.850000381469727,6.38787969550605
2019_1_111_32_56.3_12.6,0,0,0,0,0,1,111,32,2019,56.34665,12.584,350.68792621597845,6247.282951950895,ANS-SE-AA-B_Kattegatt,NA,ANS-SE-SR-Nordsjon,0.0684933605768723,0,0,biomass_density,21.899999618530273,0
2019_1_113_33_56.4_12.3,0,0,0,0,0,1,113,33,2019,56.3821,12.258,330.70353208876634,6251.982115229659,ANS-SE-AA-B_Kattegatt,NA,ANS-SE-SR-Nordsjon,0.0695750364159545,0,0,biomass_density,32.29999923706055,0
2019_1_115_34_56.3_11.9,0,0,0,0,0,1,115,34,2019,56.3495,11.933499999999999,310.5135239626493,6249.201755039807,utanför ANSSE-area,NA,Utanför ANSSE-area,0.0706750229569555,0,0,biomass_density,30.5,0
2019_1_127_37_56.6_11.8,0,0,0,0,0,1,127,37,2019,56.60795,11.825800000000001,305.19026769026567,6278.253442447777,utanför ANSSE-area,NA,Utanför ANSSE-area,0.0709944964825153,0,0,biomass_density,32.79999923706055,0
2019_1_128_38_56.8_11.8,0,0,0,0,0,1,128,38,2019,56.796,11.84715,307.46317845541085,6299.112250995677,utanför ANSSE-area,NA,Utanför ANSSE-area,0.073344152391704,0,0,biomass_density,40.900001525878906,0
2019_1_138_39_56.8_12.2,13.8727096632613,0,13.8727096632613,0,0.0138727096632613,1,138,39,2019,56.83125,12.231549999999999,331.08843677565704,6302.018650525262,ANS-SE-AA-B_Kattegatt,NA,ANS-SE-SR-Nordsjon,0.0720839709237389,0,0.0138727096632613,biomass_density,38.25,0
2019_1_140_40_56.9_12.3,0,0,0,0,0,1,140,40,2019,56.8895,12.27665,334.097425900058,6308.389238356502,ANS-SE-AA-B_Kattegatt,NA,ANS-SE-SR-Nordsjon,0.0688455150976663,0,0,biomass_density,25.450000762939453,0
2019_1_141_41_56.9_11.7,0,0,0,0,0,1,141,41,2019,56.9401,11.67615,297.80478344183547,6315.635736243206,utanför ANSSE-area,NA,Utanför ANSSE-area,0.0728001419368017,0,0,biomass_density,49.5,0
2019_1_142_42_57.1_11.8,0,0,0,0,0,1,142,42,2019,57.11405,11.83885,308.59451894207217,6334.517371804301,ANS-SE-AA-B_Kattegatt,NA,ANS-SE-SR-Nordsjon,0.0726771243912186,0,0,biomass_density,52.79999923706055,0
2019_1_143_43_57.2_11.4,0,0,0,0,0,1,143,43,2019,57.17685,11.4444,285.08735278129694,6342.6789626534965,utanför ANSSE-area,NA,Utanför ANSSE-area,0.0730568597291118,0,0,biomass_density,66.69999694824219,0
2019_1_152_44_57_12.2,0,0,0,0,0,1,152,44,2019,57.0363,12.19885,330.029405091391,6324.913788559946,ANS-SE-AA-B_Kattegatt,NA,ANS-SE-SR-Nordsjon,0.0725423699161858,0,0,biomass_density,28.899999618530273,0
2019_1_153_45_57.2_12.1,0,0,0,0,0,1,153,45,2019,57.2068,12.0552,322.13545723784483,6344.250018283821,ANS-SE-AA-B_Kattegatt,NA,ANS-SE-SR-Nordsjon,0.073222574714895,0,0,biomass_density,28.700000762939453,0
2019_1_156_46_57.2_11.7,0,0,0,0,0,1,156,46,2019,57.2014,11.659749999999999,298.2315218520331,6344.751193958772,ANS-SE-AA-B_Kattegatt,NA,ANS-SE-SR-Nordsjon,0.0766712922838513,0,0,biomass_density,69.73999786376953,0
2019_1_157_47_57.3_11.6,13.9488232883269,0,0,0,108.3823569503,1,157,47,2019,57.34025,11.584299999999999,294.4516713997175,6360.422600821555,ANS-SE-AA-B_Kattegatt,NA,ANS-SE-SR-Nordsjon,0.0716906350686122,0,0,biomass_density,61.68000030517578,0
2019_1_162_49_57.6_11.4,0,0,0,0,0,1,162,49,2019,57.59725,11.38805,284.1695522007711,6389.618995333634,ANS-SE-AA-B_Kattegatt,NA,ANS-SE-SR-Nordsjon,0.0709944964825153,0,0,biomass_density,52.900001525878906,0
2019_1_46_13_58.5_11.1,0,0,0,0,0,1,46,13,2019,58.487049999999996,11.126,274.20659499723837,6489.448518214682,ANS-SE-AA-B_Skagerrak,NA,ANS-SE-SR-Nordsjon,0.0762577472927455,0,0,biomass_density,56.79999923706055,0
2019_1_48_14_58.6_10.9,0,0,0,0,0,1,48,14,2019,58.5818,10.8979,261.56657602554543,6500.775475701953,ANS-SE-AA-B_Skagerrak,NA,ANS-SE-SR-Nordsjon,0.073217985711268,0,0,biomass_density,74.0999984741211,0
2019_1_50_15_58.7_10.8,13.1142510108429,0,13.1142510108429,0,0.0131142510108429,1,50,15,2019,58.655150000000006,10.8301,258.1365998055924,6509.175637217978,ANS-SE-AA-B_Skagerrak,NA,ANS-SE-SR-Nordsjon,0.0762529250944793,0,0.0131142510108429,biomass_density,82.30000305175781,0
2019_1_51_16_58.6_10.8,38.3038590090804,0,38.3038590090804,0,0.0127679530030268,1,51,16,2019,58.551,10.844,258.2237869545964,6497.543085358705,ANS-SE-AA-B_Skagerrak,NA,ANS-SE-SR-Nordsjon,0.0783210902924641,0,0.0127679530030268,biomass_density,86.44999694824219,0
2019_1_61_17_58.4_10.8,12.8870445846075,0,12.8870445846075,0,0.360837248369011,1,61,17,2019,58.35525,10.845600000000001,256.9692707392031,6475.768275641753,ANS-SE-AA-B_Skagerrak,NA,ANS-SE-SR-Nordsjon,0.0775973104954114,0,0.360837248369011,biomass_density,129.22000122070312,0
2019_1_64_19_58.1_10.7,13.1460131826333,13.1460131826333,0,0,0.0394380395478998,1,64,19,2019,58.074,10.74035,248.83715890174875,6444.878613474687,ANS-SE-AA-B_Skagerrak,NA,ANS-SE-SR-Nordsjon,0.0760686898839463,0.0394380395478998,0,biomass_density,207.89999389648438,0
2019_1_66_20_57.9_11,27.9056989360976,13.9528494680488,13.9528494680488,0,0.6697367744663429,1,66,20,2019,57.867149999999995,10.974499999999999,261.26060902491173,6421.026304389373,ANS-SE-AA-B_Skagerrak,NA,ANS-SE-SR-Nordsjon,0.0716699482990869,0.516255430317806,0.153481344148537,biomass_density,82.25,0
2019_1_79_23_57.8_10.6,26.1855768047178,13.0927884023589,13.0927884023589,13.0927884023589,0.10474230721887111,1,79,23,2019,57.831500000000005,10.59755,238.66488034870673,6418.456188776458,utanför ANSSE-area,NA,Utanför ANSSE-area,0.0763779241876263,0.0916495188165122,0.0130927884023589,biomass_density,104.19999694824219,4.58247594082561
2019_1_81_24_57.8_11,0,0,0,13.7594877119385,0,1,81,24,2019,57.817099999999996,11.02375,263.85185933148915,6415.28716934298,utanför ANSSE-area,NA,Utanför ANSSE-area,0.0726771243912186,0,0,biomass_density,50.099998474121094,75.5395875385425
2019_1_90_25_57.7_11,14.221028437747,0,14.221028437747,0,0.014221028437747,1,90,25,2019,57.667249999999996,10.97025,259.6839572859004,6398.810417209061,utanför ANSSE-area,NA,Utanför ANSSE-area,0.0703184023840141,0,0.014221028437747,biomass_density,31.100000381469727,0
2019_1_91_26_57.9_11.2,13.5878888033927,0,13.5878888033927,0,0.0135878888033927,1,91,26,2019,57.87735,11.20225,274.8226362267449,6421.379204995971,ANS-SE-AA-B_Skagerrak,NA,ANS-SE-SR-Nordsjon,0.0735949502140698,0,0.0135878888033927,biomass_density,63.29999923706055,0
2019_1_93_27_58.1_11.1,12.8907921606562,12.8907921606562,0,0,0.0128907921606562,1,93,27,2019,58.0741,11.0733,268.45547044560544,6443.698227285248,ANS-SE-AA-B_Skagerrak,NA,ANS-SE-SR-Nordsjon,0.0775747516162804,0.0128907921606562,0,biomass_density,131.60000610351562,0
2019_1_94_28_58.3_11,25.8376073255979,0,25.8376073255979,0,0.0129188036627989,1,94,28,2019,58.30645,10.98,264.5010823012194,6469.863021380871,ANS-SE-AA-B_Skagerrak,NA,ANS-SE-SR-Nordsjon,0.0774065483230158,0,0.0129188036627989,biomass_density,108.75,0
2019_1_99_29_57.5_10.9,14.3129192824523,0,14.3129192824523,0,0.0143129192824523,1,99,29,2019,57.458299999999994,10.8581,251.58066146243036,6375.9782086809155,utanför ANSSE-area,NA,Utanför ANSSE-area,0.0698669488918314,0,0.0143129192824523,biomass_density,39.20000076293945,0
2019_3_100_36_56.8_12.2,14.8424716640546,0,14.8424716640546,0,0.0148424716640546,3,100,36,2019,56.8343,12.235,331.3125849369313,6302.349482192927,ANS-SE-AA-B_Kattegatt,NA,ANS-SE-SR-Nordsjon,0.0673742232853167,0,0.0148424716640546,biomass_density,37.79999923706055,0
2019_3_102_37_56.6_12.6,15.0820068581635,0,15.0820068581635,0,0.0150820068581635,3,102,37,2019,56.552099999999996,12.57535,350.9601628717692,6270.161493748938,ANS-SE-AA-B_Kattegatt,NA,ANS-SE-SR-Nordsjon,0.066304173536344,0,0.0150820068581635,biomass_density,22.149999618530273,0
2019_3_106_38_56.6_11.8,0,0,0,0,0,3,106,38,2019,56.60855,11.8264,305.23016641126026,6278.318482847432,utanför ANSSE-area,NA,Utanför ANSSE-area,0.0702893752153754,0,0,biomass_density,33,0
2019_3_107_39_56.8_11.9,58.7218717892315,0,58.7218717892315,0,0.0146804679473079,3,107,39,2019,56.79485,11.8529,307.80828979601364,6298.96815734444,utanför ANSSE-area,NA,Utanför ANSSE-area,0.0681177196523481,0,0.0146804679473079,biomass_density,41.79999923706055,0
2019_3_11_1_58.1_11.1,0,0,0,0,0,3,11,1,2019,58.07115,11.074,268.4776079989057,6443.367728217651,ANS-SE-AA-B_Skagerrak,NA,ANS-SE-SR-Nordsjon,0.0836727214895343,0,0,biomass_density,131.0500030517578,0
2019_3_110_40_56.9_11.7,28.7459425539212,0,28.7459425539212,0,0.0143729712769606,3,110,40,2019,56.941649999999996,11.675049999999999,297.74629441075655,6315.811411805869,utanför ANSSE-area,NA,Utanför ANSSE-area,0.0695750364159545,0,0.0143729712769606,biomass_density,50.099998474121094,0
2019_3_112_41_57.1_11.8,27.8976465766537,0,27.8976465766537,0,0.0139488232883269,3,112,41,2019,57.12435,11.8453,309.0379371992507,6335.64514122983,ANS-SE-AA-B_Kattegatt,NA,ANS-SE-SR-Nordsjon,0.0716906350686122,0,0.0139488232883269,biomass_density,51.79999923706055,0
2019_3_113_42_57.2_11.7,14.3129192824523,0,14.3129192824523,0,0.0143129192824523,3,113,42,2019,57.204750000000004,11.6599,298.25886048211134,6345.1234062077065,ANS-SE-AA-B_Kattegatt,NA,ANS-SE-SR-Nordsjon,0.0698669488918314,0,0.0143129192824523,biomass_density,69.36000061035156,0
2019_3_116_43_57.2_11.4,0,0,0,0,0,3,116,43,2019,57.171949999999995,11.44765,285.25525730630113,6342.123687472752,utanför ANSSE-area,NA,Utanför ANSSE-area,0.0666543716360078,0,0,biomass_density,66.0999984741211,0
2019_3_118_44_57.3_11.6,0,0,0,0,0,3,118,44,2019,57.32985,11.580649999999999,294.17394135356136,6359.276757758928,ANS-SE-AA-B_Kattegatt,NA,ANS-SE-SR-Nordsjon,0.0659086731927595,0,0,biomass_density,63.5,0
2019_3_119_45_57.5_11.2,15.2816141011755,15.2816141011755,0,0,0.427885194832913,3,119,45,2019,57.54175,11.1506,269.6390987169073,6384.227002787752,utanför ANSSE-area,NA,Utanför ANSSE-area,0.0654381136298345,0.427885194832913,0,biomass_density,42.29999923706055,0
2019_3_121_46_57.5_11,15.0888299270413,0,15.0888299270413,0,0.0150888299270413,3,121,46,2019,57.5374,11.0303,262.41643960615954,6384.158092278253,utanför ANSSE-area,NA,Utanför ANSSE-area,0.0662741912285629,0,0.0150888299270413,biomass_density,38.900001525878906,0
2019_3_123_47_57.6_10.7,14.8424716640546,0,14.8424716640546,0,0.0148424716640546,3,123,47,2019,57.61365,10.7299,244.98573205052824,6393.728459261681,utanför ANSSE-area,NA,Utanför ANSSE-area,0.0673742232853167,0,0.0148424716640546,biomass_density,24.100000381469727,0
2019_3_126_48_58.1_10.9,12.5628830708195,0,12.5628830708195,0,0.0125628830708195,3,126,48,2019,58.1074,10.86135,256.19429989418603,6448.148666053582,ANS-SE-AA-B_Skagerrak,NA,ANS-SE-SR-Nordsjon,0.0795995628043978,0,0.0125628830708195,biomass_density,185.9499969482422,0
2019_3_13_3_58.7_10.8,26.2675652774472,13.1337826387236,26.2675652774472,13.1337826387236,0.893097219433203,3,13,3,2019,58.65195,10.829650000000001,258.08835918962234,6508.821392282326,ANS-SE-AA-B_Skagerrak,NA,ANS-SE-SR-Nordsjon,0.0761395271649772,0.302077000690642,4.399817183972401,biomass_density,85.30000305175781,3.80879696522984
2019_3_31_5_58.1_10.3,25.6501273769136,25.6501273769136,0,0,1.01318003138809,3,31,5,2019,58.12375,10.343900000000001,225.8653671508715,6451.954758149321,utanför ANSSE-area,NA,Utanför ANSSE-area,0.0779723223441025,1.01318003138809,0,biomass_density,188.5,0
2019_3_33_6_57.9_10.3,0,0,0,0,0,3,33,6,2019,57.87505,10.26285,219.1553086037556,6424.640386732705,utanför ANSSE-area,NA,Utanför ANSSE-area,0.0782038274694744,0,0,biomass_density,79.9000015258789,0
2019_3_45_9_57.7_10.8,30.6763169658646,15.3381584829323,15.3381584829323,0,0.2914250111757133,3,45,9,2019,57.68915,10.786200000000001,248.86797470925484,6401.913478967731,utanför ANSSE-area,NA,Utanför ANSSE-area,0.0651968749125107,0.276086852692781,0.0153381584829323,biomass_density,25.299999237060547,0
2019_3_46_10_57.6_11.1,0,0,0,0,0,3,46,10,2019,57.6034,11.07715,265.64335300160496,6391.335154502771,utanför ANSSE-area,NA,Utanför ANSSE-area,0.0603792454135333,0,0,biomass_density,35.099998474121094,0
2019_3_48_11_57.6_10.9,0,0,0,0,0,3,48,11,2019,57.5539,10.8569,252.1582544031558,6386.6134257808735,utanför ANSSE-area,NA,Utanför ANSSE-area,0.0433209275112239,0,0,biomass_density,29.399999618530273,0
2019_3_50_12_57.5_10.9,0,0,0,0,0,3,50,12,2019,57.454750000000004,10.85295,251.24787828643474,6375.602301233452,utanför ANSSE-area,NA,Utanför ANSSE-area,0.0662741912285629,0,0,biomass_density,39.400001525878906,0
2019_3_52_13_57.4_11.3,0,22.2027988650631,0,22.2027988650631,0,3,52,13,2019,57.394850000000005,11.32085,278.93555027539503,6367.322507013579,utanför ANSSE-area,NA,Utanför ANSSE-area,0.0450393667067595,6.66083965951892,0,biomass_density,39.20000076293945,6.66083965951892
2019_3_58_16_56.3_11.9,0,0,0,0,0,3,58,16,2019,56.3484,11.9408,310.95899907153415,6249.059303694907,utanför ANSSE-area,NA,Utanför ANSSE-area,0.0634969847881324,0,0,biomass_density,30.5,0
2019_3_60_17_56.4_12.3,0,0,0,0,0,3,60,17,2019,56.3761,12.2624,330.9485370760329,6251.303762109027,ANS-SE-AA-B_Kattegatt,NA,ANS-SE-SR-Nordsjon,0.0655138697437078,0,0,biomass_density,32.29999923706055,0
2019_3_62_18_56.4_12.6,0,0,0,0,0,3,62,18,2019,56.3505,12.57395,350.08207329787706,6247.7331768963195,ANS-SE-AA-B_Kattegatt,NA,ANS-SE-SR-Nordsjon,0.0659086731927595,0,0,biomass_density,22.850000381469727,0
2019_3_65_19_57.9_11.2,0,0,0,0,0,3,65,19,2019,57.878299999999996,11.202300000000001,274.8315391435571,6421.4847017676275,ANS-SE-AA-B_Skagerrak,NA,ANS-SE-SR-Nordsjon,0.0677266669818604,0,0,biomass_density,63.54999923706055,0
2019_3_69_21_58.5_11.1,0,0,0,0,0,3,69,21,2019,58.45215,11.058250000000001,270.0326620660073,6485.7966771431,ANS-SE-AA-B_Skagerrak,NA,ANS-SE-SR-Nordsjon,0.0716906350686122,0,0,biomass_density,58.900001525878906,0
2019_3_95_33_57.2_12.1,136.6614395804374,15.1846043978264,121.476835182611,0,0.5162765495260989,3,95,33,2019,57.20225,12.0556,322.1377208032696,6343.742748992302,ANS-SE-AA-B_Kattegatt,NA,ANS-SE-SR-Nordsjon,0.0658561773359827,0.485907340730446,0.0303692087956529,biomass_density,29.049999237060547,0
2019_3_96_34_57_12.2,44.2715185789788,14.7571728596596,29.5143457193192,0,2.8333771890546373,3,96,34,2019,57.0302,12.20075,330.11681576402316,6324.230362168711,ANS-SE-AA-B_Kattegatt,NA,ANS-SE-SR-Nordsjon,0.0677636570032744,2.74483415189668,0.08854303715795739,biomass_density,30.200000762939453,0
2019_3_98_35_56.9_12.3,61.7829669669584,15.4457417417396,46.3372252252188,15.4457417417396,0.0308914834834792,3,98,35,2019,56.8915,12.27375,333.9296914903881,6308.618803961348,ANS-SE-AA-B_Kattegatt,NA,ANS-SE-SR-Nordsjon,0.0647427631978115,0.0154457417417396,0.0154457417417396,biomass_density,25.600000381469727,0.0154457417417396
2020_1_1_1_57.2_11.5,0,0,0,0,0,1,1,1,2020,57.15835,11.45015,285.32745496967704,6340.603080063066,utanför ANSSE-area,NA,Utanför ANSSE-area,0.04592,0,0,biomass_density,68,0
2020_1_10_10_56.6_12.6,13.8226553320893,0,13.8226553320893,0,0.0276453106641786,1,10,10,2020,56.55245,12.5727,350.79868672596024,6270.206194489501,ANS-SE-AA-B_Kattegatt,NA,ANS-SE-SR-Nordsjon,0.072345,0,0.0276453106641786,biomass_density,22.299999237060547,0
2020_1_11_11_56.8_12.2,0,0,0,0,0,1,11,11,2020,56.828050000000005,12.22605,330.73853059383725,6301.676211016079,ANS-SE-AA-B_Kattegatt,NA,ANS-SE-SR-Nordsjon,0.06594,0,0,biomass_density,39,0
2020_1_12_12_56.8_11.9,13.8226553320893,13.8226553320893,0,13.8226553320893,1.02287649457461,1,12,12,2020,56.79385,11.854600000000001,307.9069511171916,6298.85213992276,utanför ANSSE-area,NA,Utanför ANSSE-area,0.072345,1.02287649457461,0,biomass_density,42.599998474121094,13.8226553320893
2020_1_14_13_57_12.2,0,0,0,0,0,1,14,13,2020,57.0311,12.20065,330.1148566711468,6324.330746586536,ANS-SE-AA-B_Kattegatt,NA,ANS-SE-SR-Nordsjon,0.074277,0,0,biomass_density,29.950000762939453,0
2020_1_15_14_57.2_12.1,0,0,0,0,0,1,15,14,2020,57.209050000000005,12.053,322.013460156917,6344.506095398954,ANS-SE-AA-B_Kattegatt,NA,ANS-SE-SR-Nordsjon,0.06704,0,0,biomass_density,29.100000381469727,0
2020_1_16_15_57.2_11.7,14.8802880823773,0,0,0,0.044640864247131803,1,16,15,2020,57.19925,11.66045,298.26205470118623,6344.509953083478,ANS-SE-AA-B_Kattegatt,NA,ANS-SE-SR-Nordsjon,0.067203,0,0,biomass_density,69.63999938964844,0
2020_1_17_16_57.3_11.6,13.5319828414458,0,13.5319828414458,0,0.0135319828414458,1,17,16,2020,57.32855,11.581,294.1877263200687,6359.131088666039,ANS-SE-AA-B_Kattegatt,NA,ANS-SE-SR-Nordsjon,0.073899,0,0.0135319828414458,biomass_density,63.439998626708984,0
2020_1_18_17_57.4_11.3,14.3595634692705,14.3595634692705,0,0,7.78288340034463,1,18,17,2020,57.389300000000006,11.31955,278.82403491467653,6366.709432386489,utanför ANSSE-area,NA,Utanför ANSSE-area,0.06964,7.78288340034463,0,biomass_density,39.400001525878906,0
2020_1_19_18_57.8_10.6,0,0,0,0,0,1,19,18,2020,57.83055,10.610199999999999,239.4082976164751,6418.301734421687,utanför ANSSE-area,NA,Utanför ANSSE-area,0.0735,0,0,biomass_density,104.5,0
2020_1_2_2_57.1_11.8,0,0,15.0829562594268,15.0829562594268,0,1,2,2,2020,57.134699999999995,11.848500000000001,309.28480808140677,6336.787604496498,ANS-SE-AA-B_Kattegatt,NA,ANS-SE-SR-Nordsjon,0.0663,0,3.86123680241327,biomass_density,52.04999923706055,3.86123680241327
2020_1_20_19_57.9_11,44.8692062637411,14.9564020879137,14.9564020879137,0,0.5085176709890664,1,20,19,2020,57.8708,10.986899999999999,262.0196051933082,6421.3885014839225,utanför ANSSE-area,NA,Utanför ANSSE-area,0.066861,0.0299128041758275,0.418779258461584,biomass_density,75.8499984741211,0
2020_1_21_20_57.9_11.2,19.8491464867011,19.8491464867011,0,0,0.119094878920206,1,21,20,2020,57.8847,11.1906,274.17842493590445,6422.2355689904925,ANS-SE-AA-B_Skagerrak,NA,ANS-SE-SR-Nordsjon,0.05038,0.119094878920206,0,biomass_density,62.79999923706055,0
2020_1_22_21_57.8_11,48.904538341158,0,48.904538341158,16.301512780386,0.065206051121544,1,22,21,2020,57.8159,11.0227,263.7816902962222,6415.157379481906,ANS-SE-AA-B_Skagerrak,NA,ANS-SE-SR-Nordsjon,0.061344,0,0.065206051121544,biomass_density,50,2.73865414710485
2020_1_23_22_58.3_11,24.5848237882755,0,24.5848237882755,0,0.0122924118941377,1,23,22,2020,58.3137,10.986650000000001,264.938502480387,6470.646078637763,ANS-SE-AA-B_Skagerrak,NA,ANS-SE-SR-Nordsjon,0.081351,0,0.0122924118941377,biomass_density,106.55000305175781,0
2020_1_24_23_58.2_11.2,14.5942790426153,14.5942790426153,0,0,0.671336835960303,1,24,23,2020,58.2399,11.180399999999999,275.8125217598082,6461.776862827124,ANS-SE-AA-B_Skagerrak,NA,ANS-SE-SR-Nordsjon,0.06852,0.671336835960303,0,biomass_density,59,0
2020_1_25_24_58.1_11.1,41.9181757209927,13.9727252403309,13.9727252403309,0,0.3213726805276101,1,25,24,2020,58.06885,11.0764,268.6041518171103,6443.103688660774,ANS-SE-AA-B_Skagerrak,NA,ANS-SE-SR-Nordsjon,0.071568,0.223563603845294,0.0139727252403309,biomass_density,130.60000610351562,0
2020_1_26_25_57.5_10.9,38.7506781368674,12.9168927122891,25.8337854245783,0,0.1679196052597591,1,26,25,2020,57.453450000000004,10.85065,251.1011789333047,6375.466169217241,utanför ANSSE-area,NA,Utanför ANSSE-area,0.077418,0.15500271254747,0.0129168927122891,biomass_density,39.400001525878906,0
2020_1_27_26_57.7_11,47.3619399450602,15.7873133150201,31.5746266300401,0,0.2052350730952611,1,27,26,2020,57.660849999999996,10.978200000000001,260.1154431096109,6398.070501664971,utanför ANSSE-area,NA,Utanför ANSSE-area,0.063342,0.189447759780241,0.0157873133150201,biomass_density,31.200000762939453,0
2020_1_28_27_57.7_11.4,77.217692117618,15.4435384235236,61.7741536940944,0,0.0926612305411416,1,28,27,2020,57.68315,11.359100000000002,282.9542104262333,6399.266223178676,ANS-SE-AA-B_Kattegatt,NA,ANS-SE-SR-Nordsjon,0.064752,0.0154435384235236,0.077217692117618,biomass_density,69.3499984741211,0
2020_1_29_28_57.6_11.6,0,0,0,0,0,1,29,28,2020,57.555,11.61135,297.27097978286514,6384.230240913274,ANS-SE-AA-B_Kattegatt,NA,ANS-SE-SR-Nordsjon,0.06816,0,0,biomass_density,45.70000076293945,0
2020_1_3_3_56.9_11.7,0,0,0,0,0,1,3,3,2020,56.9399,11.67735,297.87666572200635,6315.609937655964,utanför ANSSE-area,NA,Utanför ANSSE-area,0.071568,0,0,biomass_density,49.099998474121094,0
2020_1_30_29_58.6_10.8,0,0,0,0,0,1,30,29,2020,58.6435,10.83485,258.33131206461064,6507.862916931242,ANS-SE-AA-B_Skagerrak,NA,ANS-SE-SR-Nordsjon,0.075453,0,0,biomass_density,82.4000015258789,0
2020_1_31_30_58.6_10.9,14.0510615577007,14.0510615577007,0,0,0.0281021231154014,1,31,30,2020,58.567499999999995,10.8906,261.0450984572645,6499.211111570546,ANS-SE-AA-B_Skagerrak,NA,ANS-SE-SR-Nordsjon,0.071169,0.0281021231154014,0,biomass_density,74.9000015258789,0
2020_1_32_31_58.5_10.8,14.7536146355857,14.7536146355857,0,0,0.0885216878135143,1,32,31,2020,58.52535,10.84445,258.07316208078913,6494.68895200827,ANS-SE-AA-B_Skagerrak,NA,ANS-SE-SR-Nordsjon,0.067780000000000007,0.0885216878135143,0,biomass_density,92.94999694824219,0
2020_1_33_32_58.5_11.1,27.7986267478387,0,27.7986267478387,0,0.0138993133739193,1,33,32,2020,58.4774,11.1311,274.44176029522566,6488.358046902047,ANS-SE-AA-B_Skagerrak,NA,ANS-SE-SR-Nordsjon,0.071946,0,0.0138993133739193,biomass_density,54.599998474121094,0
2020_1_37_36_58.3_10.8,87.4060385086033,62.4328846490023,12.4865769298005,0,0.0874060385086033,1,37,36,2020,58.34255,10.84675,256.94918935585787,6474.351782904032,ANS-SE-AA-B_Skagerrak,NA,ANS-SE-SR-Nordsjon,0.080086,0.0499463077192019,0.0124865769298005,biomass_density,136.0500030517578,0
2020_1_6_6_56.6_11.8,0,0,0,0,0,1,6,6,2020,56.60755,11.82535,305.16060047361776,6278.210224428267,utanför ANSSE-area,NA,Utanför ANSSE-area,0.06594,0,0,biomass_density,32.900001525878906,0
2020_1_7_7_56.4_11.9,0,0,0,0,0,1,7,7,2020,56.350049999999996,11.9277,310.15799403990417,6249.27892994447,utanför ANSSE-area,NA,Utanför ANSSE-area,0.07038,0,0,biomass_density,30.700000762939453,0
2020_1_8_8_56.4_12.3,0,0,0,0,0,1,8,8,2020,56.3792,12.26025,330.82955338587186,6251.653939171788,ANS-SE-AA-B_Kattegatt,NA,ANS-SE-SR-Nordsjon,0.07148,0,0,biomass_density,32.29999923706055,0
2020_1_9_9_56.3_12.6,0,0,0,0,0,1,9,9,2020,56.34465,12.59045,351.0786596452566,6247.0464427258485,ANS-SE-AA-B_Kattegatt,NA,ANS-SE-SR-Nordsjon,0.070791,0,0,biomass_density,22.049999237060547,0
2020_3_120_5_58.1_10.3,18.90502117362372,9.45251058681186,9.45251058681186,0,0.0567150635208711,3,120,5,2020,58.12325,10.3466,226.02033624240977,6451.888191474474,utanför ANSSE-area,NA,Utanför ANSSE-area,0.105792,0.0378100423472474,0.0189050211736237,biomass_density,188.60000610351562,0
2020_3_121_6_58.2_10.6,0,0,0,0,0,3,121,6,2020,58.17185,10.63765,243.49155902405707,6456.145888884097,ANS-SE-AA-B_Skagerrak,NA,ANS-SE-SR-Nordsjon,0.0875,0,0,biomass_density,255.3000030517578,0
2020_3_122_7_58.2_10.9,0,0,0,0,0,3,122,7,2020,58.22405,10.8915,258.76071920526033,6461.012544303596,ANS-SE-AA-B_Skagerrak,NA,ANS-SE-SR-Nordsjon,0.083112,0,0,biomass_density,157.3000030517578,0
2020_3_123_8_58.2_11.2,30.3965226378102,15.1982613189051,15.1982613189051,0,0.121586090551241,3,123,8,2020,58.245450000000005,11.17615,275.59832029444345,6462.408329680333,ANS-SE-AA-B_Skagerrak,NA,ANS-SE-SR-Nordsjon,0.065797,0.0607930452756205,0.0607930452756205,biomass_density,60.099998474121094,0
2020_3_124_9_58.6_10.5,0,0,0,0,0,3,124,9,2020,58.617000000000004,10.4931,238.32221657212193,6506.1992117075815,ANS-SE-AA-B_Skagerrak,NA,ANS-SE-SR-Nordsjon,0.079235,0,0,biomass_density,176.10000610351562,0
2020_3_125_10_58.6_10.6,13.0541486084278,13.0541486084278,0,0,0.052216594433711,3,125,10,2020,58.569500000000005,10.61275,244.91711409601854,6500.456661691118,ANS-SE-AA-B_Skagerrak,NA,ANS-SE-SR-Nordsjon,0.076604,0.052216594433711,0,biomass_density,181.1199951171875,0
2020_3_127_12_58.5_11.1,0,0,0,0,0,3,127,12,2020,58.4836,11.1284,274.3242417332899,6489.056720436484,ANS-SE-AA-B_Skagerrak,NA,ANS-SE-SR-Nordsjon,0.076604,0,0,biomass_density,55.900001525878906,0
2020_3_139_24_57.7_11.2,96.2556550197324,82.5048471597706,13.7508078599618,13.7508078599618,2.36513895191342,3,139,24,2020,57.6605,11.181999999999999,272.2611994828147,6397.328277431967,ANS-SE-AA-B_Kattegatt,NA,ANS-SE-SR-Nordsjon,0.072723,0.85255008731763,1.51258886459579,biomass_density,39.060001373291016,8.16797986881729
2020_3_140_25_57.6_11.4,50.4201680672268,16.8067226890756,16.8067226890756,0,0.5378151260504195,3,140,25,2020,57.604299999999995,11.37855,283.6441113204881,6390.433452880722,ANS-SE-AA-B_Kattegatt,NA,ANS-SE-SR-Nordsjon,0.0595,0.168067226890756,0.302521008403361,biomass_density,52.54999923706055,0
2020_3_141_26_57.8_11.3,52.216594433711,0,52.216594433711,0,0.0261082972168555,3,141,26,2020,57.7846,11.2599,277.6678586093283,6410.872289001595,ANS-SE-AA-B_Kattegatt,NA,ANS-SE-SR-Nordsjon,0.076604,0,0.0261082972168555,biomass_density,58.54999923706055,0
2020_3_142_27_57.2_11.5,49.9463077192019,0,49.9463077192019,0,0.0249731538596009,3,142,27,2020,57.1657,11.450050000000001,285.3640248760387,6341.420936713566,utanför ANSSE-area,NA,Utanför ANSSE-area,0.080086,0,0.0249731538596009,biomass_density,65.9000015258789,0
2020_3_144_29_56.8_11.9,49.1787154519524,0,49.1787154519524,0,0.7540736369299368,3,144,29,2020,56.79025,11.863299999999999,308.41969435865224,6298.42727239707,utanför ANSSE-area,NA,Utanför ANSSE-area,0.061002,0,0.7540736369299368,biomass_density,47.5,0
2020_3_145_30_56.6_11.8,59.8256083516549,0,59.8256083516549,14.9564020879137,0.0299128041758275,3,145,30,2020,56.60495,11.825,305.1257334084582,6277.921992538525,utanför ANSSE-area,NA,Utanför ANSSE-area,0.066861,0,0.0299128041758275,biomass_density,32.5,2.3930243340662
2020_3_148_33_56.3_11.9,0,0,0,0,0,3,148,33,2020,56.34805,11.94135,310.99124163026926,6249.018857539024,utanför ANSSE-area,NA,Utanför ANSSE-area,0.06926,0,0,biomass_density,30.5,0
2020_3_149_34_56.4_12.3,0,0,0,0,0,3,149,34,2020,56.3816,12.262,330.94821177674396,6251.91664791336,ANS-SE-AA-B_Kattegatt,NA,ANS-SE-SR-Nordsjon,0.065455,0,0,biomass_density,32.349998474121094,0
2020_3_150_35_56.4_12.6,0,0,0,0,0,3,150,35,2020,56.3514,12.5731,350.0330926426471,6247.8351679442585,ANS-SE-AA-B_Kattegatt,NA,ANS-SE-SR-Nordsjon,0.060515,0,0,biomass_density,22.940000534057617,0
2020_3_151_36_56.6_12.6,0,0,0,14.9564020879137,0,3,151,36,2020,56.554199999999994,12.58525,351.5767822385497,6270.373706398851,ANS-SE-AA-B_Kattegatt,NA,ANS-SE-SR-Nordsjon,0.066861,0,0,biomass_density,21.850000381469727,12.3839009287926
2020_3_152_37_56.8_12.2,61.1106867313421,15.2776716828355,45.8330150485066,0,0.1069437017798487,3,152,37,2020,56.82855,12.22645,330.765186052223,6301.730851492622,ANS-SE-AA-B_Kattegatt,NA,ANS-SE-SR-Nordsjon,0.065455,0.0916660300970132,0.0152776716828355,biomass_density,38.70000076293945,0
2020_3_153_38_56.9_12.3,0,0,0,0,0,3,153,38,2020,56.88535,12.27985,334.27393104008536,6307.919737848025,ANS-SE-AA-B_Kattegatt,NA,ANS-SE-SR-Nordsjon,0.065797,0,0,biomass_density,25.100000381469727,0
2020_3_154_39_57_12.2,0,0,0,0,0,3,154,39,2020,57.030550000000005,12.2,330.07291177560006,6324.271170536355,ANS-SE-AA-B_Kattegatt,NA,ANS-SE-SR-Nordsjon,0.065455,0,0,biomass_density,30.149999618530273,0
2020_3_155_40_57.2_12.1,0,0,0,0,0,3,155,40,2020,57.193349999999995,12.05695,322.1764506500891,6342.749027222384,ANS-SE-AA-B_Kattegatt,NA,ANS-SE-SR-Nordsjon,0.047439,0,0,biomass_density,28.450000762939453,0
2020_3_156_41_56.9_11.7,54.7030989305544,0,27.3515494652772,0,0.2735154946527722,3,156,41,2020,56.9405,11.6761,297.8039090796964,6315.680379582395,utanför ANSSE-area,NA,Utanför ANSSE-area,0.073122,0,0.0136757747326386,biomass_density,49.5,0
2020_3_157_42_57.1_11.8,0,0,0,0,0,3,157,42,2020,57.1185,11.84135,308.76877139910414,6335.005410478268,ANS-SE-AA-B_Kattegatt,NA,ANS-SE-SR-Nordsjon,0.06816,0,0,biomass_density,52.20000076293945,0
2020_3_158_43_57.2_11.7,0,0,0,0,0,3,158,43,2020,57.1974,11.66145,298.31234429552126,6344.301196509385,ANS-SE-AA-B_Kattegatt,NA,ANS-SE-SR-Nordsjon,0.072723,0,0,biomass_density,69.31999969482422,0
2020_3_159_44_57.3_11.6,0,0,0,0,0,3,159,44,2020,57.328450000000004,11.5805,294.15708341914456,6359.121477862231,ANS-SE-AA-B_Kattegatt,NA,ANS-SE-SR-Nordsjon,0.06852,0,0,biomass_density,63.439998626708984,0
2020_3_160_45_57.4_11.3,30.5553433656711,0,30.5553433656711,0,0.0152776716828355,3,160,45,2020,57.3902,11.3199,278.85047946280486,6366.808396797042,utanför ANSSE-area,NA,Utanför ANSSE-area,0.065455,0,0.0152776716828355,biomass_density,39.400001525878906,0
2020_3_161_46_57.5_10.9,0,0,0,0,0,3,161,46,2020,57.4533,10.850549999999998,251.09416478853657,6375.449855739621,utanför ANSSE-area,NA,Utanför ANSSE-area,0.062334,0,0,biomass_density,39.400001525878906,0
2020_3_162_47_57.6_10.8,0,0,0,0,0,3,162,47,2020,57.63305,10.75515,246.6277255188572,6395.790936964395,utanför ANSSE-area,NA,Utanför ANSSE-area,0.06926,0,0,biomass_density,24.299999237060547,0
2021_1_1_1_57.9_11.2,0,0,0,0,0,1,1,1,2021,57.87465,11.20475,274.9539011819108,6421.070573103581,ANS-SE-AA-B_Skagerrak,NA,ANS-SE-SR-Nordsjon,0.067780000000000007,0,0,biomass_density,62.79999923706055,0
2021_1_10_10_56.8_12.2,22.3773720014322,0,22.3773720014322,0,0.0223773720014322,1,10,10,2021,56.83175,12.232800000000001,331.1669300102354,6302.0711952431475,ANS-SE-AA-B_Kattegatt,NA,ANS-SE-SR-Nordsjon,0.044688,0,0.0223773720014322,biomass_density,38.25,0
2021_1_12_11_56.6_11.8,14.4383482529599,0,14.4383482529599,0,0.0144383482529599,1,12,11,2021,56.61455,11.82675,305.2825343240703,6278.984935030543,utanför ANSSE-area,NA,Utanför ANSSE-area,0.06926,0,0.0144383482529599,biomass_density,33.29999923706055,0
2021_1_13_12_56.8_11.9,28.8766965059198,0,14.4383482529599,0,0.0288766965059198,1,13,12,2021,56.7913,11.8597,308.20526696287203,6298.554162453493,utanför ANSSE-area,NA,Utanför ANSSE-area,0.06926,0,0.0144383482529599,biomass_density,45.099998474121094,0
2021_1_14_13_56.9_11.7,45.594783956715304,0,45.594783956715304,0,0.0759913065945256,1,14,13,2021,56.93685,11.6802,298.0334644138926,6315.262231790145,utanför ANSSE-area,NA,Utanför ANSSE-area,0.065797,0,0.0759913065945256,biomass_density,49.400001525878906,0
2021_1_15_14_57.2_11.4,15.1153299676532,15.1153299676532,0,0,0.513921218900209,1,15,14,2021,57.177400000000006,11.44355,285.03919831724767,6342.742820774733,utanför ANSSE-area,NA,Utanför ANSSE-area,0.066158,0.513921218900209,0,biomass_density,66.9000015258789,0
2021_1_2_2_57.7_11.4,148.323939483833,0,148.323939483833,0,0.0148323939483833,1,2,2,2021,57.68545,11.35505,282.7266894547866,6399.535037169516,ANS-SE-AA-B_Kattegatt,NA,ANS-SE-SR-Nordsjon,0.06742,0,0.0148323939483833,biomass_density,68.3499984741211,0
2021_1_3_3_57.6_11.6,135.33834586466142,15.0375939849624,120.300751879699,0,0.2105263157894738,1,3,3,2021,57.55475,11.60415,296.83905476757724,6384.22396681991,ANS-SE-AA-B_Kattegatt,NA,ANS-SE-SR-Nordsjon,0.0665,0.180451127819549,0.0300751879699248,biomass_density,46.400001525878906,0
2021_1_30_29_58.3_10.8,26.2515422781088,26.2515422781088,0,0,0.0525030845562177,1,30,29,2021,58.3435,10.84575,256.89724656843435,6474.461044781878,ANS-SE-AA-B_Skagerrak,NA,ANS-SE-SR-Nordsjon,0.076186,0.0525030845562177,0,biomass_density,136.6999969482422,0
2021_1_31_30_58.3_11,0,0,0,0,0,1,31,30,2021,58.31185,10.985800000000001,264.8764683632661,6470.443299486658,ANS-SE-AA-B_Skagerrak,NA,ANS-SE-SR-Nordsjon,0.07334,0,0,biomass_density,107.63999938964844,0
2021_1_32_31_58.2_11.2,0,0,0,0,0,1,32,31,2021,58.2469,11.174,275.4814030867999,6462.576776243169,ANS-SE-AA-B_Skagerrak,NA,ANS-SE-SR-Nordsjon,0.07038,0,0,biomass_density,60.29999923706055,0
2021_1_33_32_58.6_10.8,13.8226553320893,0,13.8226553320893,0,0.0138226553320893,1,33,32,2021,58.64745,10.831299999999999,258.1528438885546,6508.314997139887,ANS-SE-AA-B_Skagerrak,NA,ANS-SE-SR-Nordsjon,0.072345,0,0.0138226553320893,biomass_density,83.44999694824219,0
2021_1_34_33_58.6_10.9,14.6713615023474,14.6713615023474,0,0,2.37676056338028,1,34,33,2021,58.5784,10.89595,261.430168601204,6500.404285703167,ANS-SE-AA-B_Skagerrak,NA,ANS-SE-SR-Nordsjon,0.06816,2.37676056338028,0,biomass_density,74.05000305175781,0
2021_1_35_34_58.5_10.8,0,0,0,0,0,1,35,34,2021,58.528999999999996,10.84395,258.06923274481983,6495.096666984131,ANS-SE-AA-B_Skagerrak,NA,ANS-SE-SR-Nordsjon,0.0689,0,0,biomass_density,92.05000305175781,0
2021_1_36_35_58.5_11.1,14.0607424071991,0,14.0607424071991,0,0.0140607424071991,1,36,35,2021,58.47825,11.129449999999999,274.3510837237782,6488.45813204062,ANS-SE-AA-B_Skagerrak,NA,ANS-SE-SR-Nordsjon,0.07112,0,0.0140607424071991,biomass_density,55.95000076293945,0
2021_1_37_36_57.7_11,29.3427230046948,14.6713615023474,14.6713615023474,0,0.3814553990610325,1,37,36,2021,57.6672,10.967649999999999,259.5286836065744,6398.81408286965,utanför ANSSE-area,NA,Utanför ANSSE-area,0.06816,0.0880281690140845,0.293427230046948,biomass_density,31,0
2021_1_38_37_57.8_11,29.0275761973876,14.5137880986938,14.5137880986938,0,0.0290275761973876,1,38,37,2021,57.813950000000006,11.013349999999999,263.2139752155454,6414.973206993635,utanför ANSSE-area,NA,Utanför ANSSE-area,0.0689,0.0145137880986938,0.0145137880986938,biomass_density,50.720001220703125,0
2021_1_39_38_57.9_10.9,0,0,0,0,0,1,39,38,2021,57.854299999999995,10.94705,259.54807674470965,6419.69454014165,utanför ANSSE-area,NA,Utanför ANSSE-area,0.065797,0,0,biomass_density,81.9000015258789,0
2021_1_40_39_58.1_11.1,26.2515422781088,13.1257711390544,13.1257711390544,13.1257711390544,4.200246764497409,1,40,39,2021,58.06529999999999,11.0775,268.64600441746137,6442.705087399385,ANS-SE-AA-B_Skagerrak,NA,ANS-SE-SR-Nordsjon,0.076186,0.0262515422781088,4.1739952222193,biomass_density,129.35000610351562,5.53907542068096
2021_1_41_40_57.1_11.8,30.3965226378102,30.3965226378102,0,0,0.334361749015913,1,41,40,2021,57.11715,11.8414,308.76483724629003,6334.855085474306,ANS-SE-AA-B_Kattegatt,NA,ANS-SE-SR-Nordsjon,0.065797,0.334361749015913,0,biomass_density,52.349998474121094,0
2021_1_42_41_57.2_12.1,30.3965226378102,0,30.3965226378102,0,0.0151982613189051,1,42,41,2021,57.1944,12.059650000000001,322.34457294336937,6342.858804784985,ANS-SE-AA-B_Kattegatt,NA,ANS-SE-SR-Nordsjon,0.065797,0,0.0151982613189051,biomass_density,27.100000381469727,0
2021_1_43_42_57_12.2,16.7190530328362,0,16.7190530328362,0,0.0167190530328362,1,43,42,2021,57.02885,12.2011,330.13188930082356,6324.079287859656,ANS-SE-AA-B_Kattegatt,NA,ANS-SE-SR-Nordsjon,0.059812,0,0.0167190530328362,biomass_density,30.75,0
2021_1_44_43_56.9_12.3,0,0,0,22.5499481351193,0,1,44,43,2021,56.89125,12.27275,333.8676848760225,6308.59341774064,ANS-SE-AA-B_Kattegatt,NA,ANS-SE-SR-Nordsjon,0.044345999999999997,0,0,biomass_density,26,4.5550895232941
2021_1_45_44_57.2_11.7,0,0,0,0,0,1,45,44,2021,57.20675,11.655850000000001,298.02528469103424,6345.357890013257,ANS-SE-AA-B_Kattegatt,NA,ANS-SE-SR-Nordsjon,0.06742,0,0,biomass_density,70.62000274658203,0
2021_1_46_45_57.3_11.6,0,0,0,0,0,1,46,45,2021,57.3225,11.5789,294.0275108894224,6358.464453053722,ANS-SE-AA-B_Kattegatt,NA,ANS-SE-SR-Nordsjon,0.06852,0,0,biomass_density,63.900001525878906,0
2021_1_47_46_57.4_11.3,0,0,0,0,0,1,47,46,2021,57.3892,11.318999999999999,278.79039909971794,6366.7000997921805,utanför ANSSE-area,NA,Utanför ANSSE-area,0.062334,0,0,biomass_density,39.400001525878906,0
2021_1_48_47_57.4_10.8,0,0,0,0,0,1,48,47,2021,57.44995,10.84755,250.89154435564961,6375.088336522417,utanför ANSSE-area,NA,Utanför ANSSE-area,0.049267,0,0,biomass_density,39.599998474121094,0
2021_1_49_48_57.8_10.6,69.1132766604465,41.4679659962679,0,13.8226553320893,5.30789964752229,1,49,48,2021,57.83045,10.61635,239.7723489704299,6418.266928732171,utanför ANSSE-area,NA,Utanför ANSSE-area,0.072345,2.59865920243279,0,biomass_density,104.69999694824219,26.1248185776488
2021_1_53_52_58.1_10.7,25.3813548567222,25.3813548567222,0,0,2.20817787253484,1,53,52,2021,58.07585,10.7356,248.57033100783596,6445.102030902844,ANS-SE-AA-B_Skagerrak,NA,ANS-SE-SR-Nordsjon,0.078798000000000007,2.20817787253484,0,biomass_density,205.9499969482422,0
2021_1_6_6_56.3_11.9,31.0602413380752,0,31.0602413380752,0,0.0155301206690376,1,6,6,2021,56.3468,11.93835,310.79973415779614,6248.888051588073,utanför ANSSE-area,NA,Utanför ANSSE-area,0.064391,0,0.0155301206690376,biomass_density,30.399999618530273,0
2021_1_7_7_56.4_12.3,46.3306152705708,0,46.3306152705708,0,0.0154435384235236,1,7,7,2021,56.37795,12.262,330.9320400378478,6251.51056709673,ANS-SE-AA-B_Kattegatt,NA,ANS-SE-SR-Nordsjon,0.064752,0,0.0154435384235236,biomass_density,32.29999923706055,0
2021_1_8_8_56.3_12.6,42.857142857142904,28.5714285714286,14.2857142857143,0,0.2142857142857143,1,8,8,2021,56.34655,12.5885,350.9655788652628,6247.262069352886,ANS-SE-AA-B_Kattegatt,NA,ANS-SE-SR-Nordsjon,0.07,0.2,0.0142857142857143,biomass_density,21.950000762939453,0
2021_1_9_9_56.6_12.6,0,0,0,0,0,1,9,9,2021,56.55255,12.5792,351.1985279154758,6270.203211902974,ANS-SE-AA-B_Kattegatt,NA,ANS-SE-SR-Nordsjon,0.067203,0,0,biomass_density,22.139999389648438,0
2021_3_128_1_58.5_11.1,51.948051948052,0,51.948051948052,0,0.09090909090909091,3,128,1,2021,58.4546,11.14855,275.31288785882424,6485.7635911333755,ANS-SE-AA-B_Skagerrak,NA,ANS-SE-SR-Nordsjon,0.077,0,0.09090909090909091,biomass_density,52.849998474121094,0
2021_3_129_2_58.8_10.8,0,0,0,0,0,3,129,2,2021,58.80935,10.77505,256.0290040973066,6526.523586480538,ANS-SE-AA-B_Skagerrak,NA,ANS-SE-SR-Nordsjon,0.077814,0,0,biomass_density,92.80000305175781,0
2021_3_130_3_58.9_10.3,12.35528868132,0,0,0,0.0247105773626401,3,130,3,2021,58.856049999999996,10.31725,229.98312542811456,6533.47518813377,utanför ANSSE-area,NA,Utanför ANSSE-area,0.080937,0,0,biomass_density,164.4499969482422,0
2021_3_131_4_58.3_11,40.012804097311204,13.3376013657704,26.6752027315408,13.3376013657704,0.0400128040973112,3,131,4,2021,58.26475,10.9627,263.20991546713725,6465.286072905722,ANS-SE-AA-B_Skagerrak,NA,ANS-SE-SR-Nordsjon,0.074976,0.0266752027315408,0.0133376013657704,biomass_density,121.6500015258789,0.533504054630815
2021_3_132_5_58.1_11.1,23.6004908902105,23.6004908902105,0,0,3.06806381572737,3,132,5,2021,58.07555,11.11575,270.9661976881146,6443.714559393186,ANS-SE-AA-B_Skagerrak,NA,ANS-SE-SR-Nordsjon,0.042372,3.06806381572737,0,biomass_density,121.30000305175781,0
2021_3_133_6_57.9_11.2,0,0,0,12.35528868132,0,3,133,6,2021,57.948899999999995,11.1848,274.2382787058265,6429.395539786375,ANS-SE-AA-B_Skagerrak,NA,ANS-SE-SR-Nordsjon,0.080937,0,0,biomass_density,87.1500015258789,1.1119759813188
2021_3_134_7_57.7_11.4,0,0,0,0,0,3,134,7,2021,57.68085000000001,11.355550000000001,282.7289352225175,6399.021771341608,ANS-SE-AA-B_Kattegatt,NA,ANS-SE-SR-Nordsjon,0.064647510637341,0,0,biomass_density,65.5,0
2021_3_135_8_57.7_11.2,0,0,0,0,0,3,135,8,2021,57.6614,11.1832,272.3383748572763,6397.424343916228,ANS-SE-AA-B_Kattegatt,NA,ANS-SE-SR-Nordsjon,0.069924024723352,0,0,biomass_density,39.209999084472656,0
2021_3_136_9_56.6_11.8,0,0,0,0,0,3,136,9,2021,56.607299999999995,11.82605,305.20225701469593,6278.180425720926,utanför ANSSE-area,NA,Utanför ANSSE-area,0.06852,0,0,biomass_density,32.79999923706055,0
2021_3_140_13_56.6_12.6,0,0,0,0,0,3,140,13,2021,56.552949999999996,12.580400000000001,351.27384139181567,6270.24511857665,ANS-SE-AA-B_Kattegatt,NA,ANS-SE-SR-Nordsjon,0.06816,0,0,biomass_density,21.950000762939453,0
2021_3_141_14_56.3_12.6,0,0,0,0,0,3,141,14,2021,56.348,12.5826,350.6067026879527,6247.436199145238,ANS-SE-AA-B_Kattegatt,NA,ANS-SE-SR-Nordsjon,0.066158,0,0,biomass_density,21.850000381469727,0
2021_3_142_15_56.4_12.3,14.8802880823773,14.8802880823773,0,0,0.0297605761647546,3,142,15,2021,56.3881,12.2606,330.8906127771786,6252.6432479828845,ANS-SE-AA-B_Kattegatt,NA,ANS-SE-SR-Nordsjon,0.067203,0.0297605761647546,0,biomass_density,32.45000076293945,0
2021_3_143_16_56.3_11.9,0,0,0,0,0,3,143,16,2021,56.349000000000004,11.9362,310.6778238568764,6249.138699758934,utanför ANSSE-area,NA,Utanför ANSSE-area,0.06964,0,0,biomass_density,30.5,0
2021_3_144_17_57.5_10.8,0,0,0,0,0,3,144,17,2021,57.45195,10.84925,251.00705809686445,6375.304501628808,utanför ANSSE-area,NA,Utanför ANSSE-area,0.06852,0,0,biomass_density,39.599998474121094,0
2021_3_145_18_57.6_10.8,0,0,0,20.2975622627722,0,3,145,18,2021,57.63115,10.7514,246.39080951106507,6395.5936927472685,utanför ANSSE-area,NA,Utanför ANSSE-area,0.049267,0,0,biomass_density,24.299999237060547,122.089837010575
2021_3_146_19_58_10.7,0,0,0,0,0,3,146,19,2021,57.9708,10.674150000000001,244.20072846757355,6433.651871875513,utanför ANSSE-area,NA,Utanför ANSSE-area,0.076604,0,0,biomass_density,160.6999969482422,0
2021_3_147_20_58.1_10.9,0,0,0,0,0,3,147,20,2021,58.105450000000005,10.860900000000001,256.15448722122994,6447.933440916355,ANS-SE-AA-B_Skagerrak,NA,ANS-SE-SR-Nordsjon,0.07956,0,0,biomass_density,184.35000610351562,0
2021_3_164_37_57.4_11.3,14.6713615023474,0,0,0,0.410798122065728,3,164,37,2021,57.389250000000004,11.31885,278.7816914506856,6366.706149314865,utanför ANSSE-area,NA,Utanför ANSSE-area,0.06816,0,0,biomass_density,39.400001525878906,0
2021_3_165_38_57.2_11.7,0,0,0,0,0,3,165,38,2021,57.192499999999995,11.6602,298.21012885928224,6343.759818839685,ANS-SE-AA-B_Kattegatt,NA,ANS-SE-SR-Nordsjon,0.06926,0,0,biomass_density,75.08000183105469,0
2021_3_166_39_57.2_11.4,0,0,0,0,0,3,166,39,2021,57.17575,11.4467,285.2199143557457,6342.549356554139,utanför ANSSE-area,NA,Utanför ANSSE-area,0.07038,0,0,biomass_density,66.4000015258789,0
2021_3_167_40_56.9_11.7,0,0,0,0,0,3,167,40,2021,56.9385,11.67885,297.9602981904137,6315.449766916515,utanför ANSSE-area,NA,Utanför ANSSE-area,0.07038,0,0,biomass_density,49.20000076293945,0
2021_3_168_41_56.8_11.9,0,0,0,0,0,3,168,41,2021,56.79255,11.859649999999998,308.20859770123315,6298.693358436879,utanför ANSSE-area,NA,Utanför ANSSE-area,0.07038,0,0,biomass_density,44.70000076293945,0
2021_3_169_42_56.8_12.2,0,0,0,0,0,3,169,42,2021,56.8279,12.2269,330.7897031809613,6301.657419535072,ANS-SE-AA-B_Kattegatt,NA,ANS-SE-SR-Nordsjon,0.064391,0,0,biomass_density,38.97999954223633,0
2021_3_170_43_56.9_12.3,0,0,0,0,0,3,170,43,2021,56.886449999999996,12.280100000000001,334.29402775442645,6308.041520946945,ANS-SE-AA-B_Kattegatt,NA,ANS-SE-SR-Nordsjon,0.066158,0,0,biomass_density,25,0
2021_3_171_44_57_12.2,0,0,0,28.8766965059198,0,3,171,44,2021,57.0295,12.20075,330.1136209365076,6324.152478973495,ANS-SE-AA-B_Kattegatt,NA,ANS-SE-SR-Nordsjon,0.06926,0,0,biomass_density,30.200000762939453,239.214553855039
2021_3_172_45_57.2_12.1,14.9564020879137,14.9564020879137,0,0,0.269215237582447,3,172,45,2021,57.2011,12.0577,322.2590014554748,6343.609321289944,ANS-SE-AA-B_Kattegatt,NA,ANS-SE-SR-Nordsjon,0.066861,0.269215237582447,0,biomass_density,27.75,0
2021_3_173_46_57.1_11.8,15.3623989922266,0,15.3623989922266,15.3623989922266,0.0921743939533598,3,173,46,2021,57.11805,11.84275,308.8511760306496,6334.951423298048,ANS-SE-AA-B_Kattegatt,NA,ANS-SE-SR-Nordsjon,0.065094,0,0.0921743939533598,biomass_density,52.04999923706055,2.67305742464743
2021_3_174_47_57.3_11.6,0,0,0,0,0,3,174,47,2021,57.327600000000004,11.5813,294.2004622536894,6359.024504400902,ANS-SE-AA-B_Kattegatt,NA,ANS-SE-SR-Nordsjon,0.0689,0,0,biomass_density,63.439998626708984,0
2021_3_175_48_57.5_11.1,0,0,0,0,0,3,175,48,2021,57.530249999999995,11.120000000000001,267.7358884090345,6383.052325450829,utanför ANSSE-area,NA,Utanför ANSSE-area,0.06816,0,0,biomass_density,40.599998474121094,0
2021_3_176_49_57.6_11,0,0,0,0,0,3,176,49,2021,57.5964,11.0322,262.9142061546886,6390.712942918817,utanför ANSSE-area,NA,Utanför ANSSE-area,0.067564,0,0,biomass_density,33.099998474121094,0
